1,Dickson Abiama,ng NGA,FW,Greuther Fürth,22,1998,24,5,726,8.1,0,1,1,0,0,3,0,90,104.9,0,0
2,Ragnar Ache,ng NGA,MFFW,Greuther Fürth,22,1998,13,1,259,2.9,0,1,1,0,0,0,0,54,38.7,0,0
3,Tyler Adams,ng NGA,MF,Greuther Fürth,22,1998,24,12,1351,15.0,0,1,1,0,0,5,0,146,173.6,0,0
4,Sargis Adamyan,ng NGA,FWMF,Greuther Fürth,22,1998,13,2,331,3.7,1,0,1,0,0,0,0,48,42.6,1,0
5,Amine Adli,ng NGA,FWMF,Greuther Fürth,22,1998,25,13,1256,14.0,3,2,5,0,0,3,0,192,161.8,3,0
6,Naouirou Ahamada,ng NGA,MFDF,Greuther Fürth,22,1998,3,0,61,0.7,0,0,0,0,0,0,0,11,8.7,0,0
7,Manuel Akanji,ng NGA,DF,Greuther Fürth,22,1998,26,25,2261,25.1,1,0,1,0,0,3,0,237,243.4,1,0
8,Kevin Akpoguma,ng NGA,DFFW,Greuther Fürth,22,1998,26,19,1527,17.0,2,2,4,0,0,5,0,214,184,2,0
9,Lucas Alario,ng NGA,FW,Greuther Fürth,22,1998,27,5,655,7.3,6,0,6,0,1,2,0,80,79.5,6,0
10,Nadiem Amiri,ng NGA,MFFW,Greuther Fürth,22,1998,13,3,369,4.1,1,0,1,0,0,0,0,44,48.2,1,0
11,Sebastian Andersson,ng NGA,FW,Greuther Fürth,22,1998,26,13,1257,14.0,3,1,4,0,0,3,0,147,149.4,3,0
12,Andrés Andrade Cedeño,ng NGA,DF,Greuther Fürth,22,1998,17,12,1046,11.6,0,0,0,0,0,4,0,0,0,0,0
13,Fredrik André Bjørkan,ng NGA,DF,Greuther Fürth,22,1998,9,2,353,3.9,0,0,0,0,0,1,0,43,44,0,0
14,Robert Andrich,ng NGA,MF,Greuther Fürth,22,1998,26,21,1817,20.2,4,2,6,0,0,5,1,191,234.4,4,0
15,Angeliño,ng NGA,DF,Greuther Fürth,22,1998,29,26,2298,25.5,2,5,7,0,0,3,0,0,0,0,0
16,Waldemar Anton,ng NGA,DF,Greuther Fürth,22,1998,29,29,2595,28.8,2,1,3,0,0,6,1,261,299.6,2,0
17,Christopher Antwi-Adjei,ng NGA,FWMF,Greuther Fürth,22,1998,25,12,1130,12.6,1,1,2,0,0,2,0,117,129.8,1,0
18,Charles Aránguiz,ng NGA,MF,Greuther Fürth,22,1998,26,16,1578,17.5,1,4,5,0,0,2,0,179,206.8,1,0
19,Maximilian Arnold,ng NGA,MF,Greuther Fürth,22,1998,34,34,2994,33.3,4,2,6,0,0,4,0,253,0,4,0
20,Takuma Asano,ng NGA,FWMF,Greuther Fürth,22,1998,27,20,1608,17.9,3,4,7,0,0,1,0,144,203.3,3,0
21,Santiago Ascacíbar,ng NGA,MF,Greuther Fürth,22,1998,28,27,2375,26.4,0,1,1,0,0,5,0,288,322.4,0,0
22,Fisnik Asllani,ng NGA,MFFW,Greuther Fürth,22,1998,2,0,9,0.1,0,0,0,0,0,0,0,1,2.6,0,0
23,Simon Asta,ng NGA,DF,Greuther Fürth,22,1998,13,9,783,8.7,0,0,0,0,0,1,0,68,98.9,0,0
24,Taiwo Awoniyi,ng NGA,FW,Greuther Fürth,22,1998,31,29,2174,24.2,15,1,16,2,2,1,0,265,239.9,0,0
25,Sardar Azmoun,ng NGA,FWMF,Greuther Fürth,22,1998,9,4,359,4.0,1,1,2,0,0,0,0,40,43.3,1,0
26,Mitchel Bakker,ng NGA,DF,Greuther Fürth,22,1998,25,19,1822,20.2,1,4,5,0,0,6,0,204,215.1,1,0
27,Ridle Baku,ng NGA,DFFW,Greuther Fürth,22,1998,34,28,2446,27.2,3,5,8,0,0,4,0,290,285.3,3,0
28,Aymen Barkok,ng NGA,MFDF,Greuther Fürth,22,1998,5,2,160,1.8,0,0,0,0,0,0,0,29,23.7,0,0
29,Leandro Barreiro Martins,ng NGA,MF,Greuther Fürth,22,1998,31,20,1789,19.9,1,2,3,0,0,3,0,201,241,1,0
30,Jacob Barrett Laursen,ng NGA,DF,Greuther Fürth,22,1998,24,20,1632,18.1,2,0,2,0,0,1,0,0,0,0,0
31,Abdourahmane Barry,ng NGA,DF,Greuther Fürth,22,1998,8,1,210,2.3,0,0,0,0,0,2,0,33,27.4,0,0
32,Maximilian Bauer,ng NGA,DF,Greuther Fürth,22,1998,26,18,1690,18.8,0,0,0,0,0,5,0,172,196,0,0
33,Oliver Baumann,ng NGA,GK,Greuther Fürth,22,1998,33,33,2970,33.0,0,0,0,0,0,1,0,0,177.7,0,0
34,Timo Baumgartl,ng NGA,DF,Greuther Fürth,22,1998,25,25,2166,24.1,1,2,3,0,0,5,0,251,264.1,1,0
35,Julian Baumgartlinger,ng NGA,MFFW,Greuther Fürth,22,1998,6,1,88,1.0,0,0,0,0,0,1,0,9,13.3,0,0
36,Christoph Baumgartner,ng NGA,MFFW,Greuther Fürth,22,1998,29,23,1888,21.0,7,2,9,0,0,5,0,249,244.2,7,0
37,Noah Joel Sarenren Bazee,ng NGA,MFFW,Greuther Fürth,22,1998,14,1,241,2.7,1,0,1,0,0,1,0,0,0,0,0
38,Ihlas Bebou,ng NGA,FWDF,Greuther Fürth,22,1998,28,25,2091,23.2,7,2,9,0,0,0,0,234,256.2,7,0
39,Sheraldo Becker,ng NGA,FWMF,Greuther Fürth,22,1998,28,22,1758,19.5,4,6,10,0,0,4,0,151,208.7,4,0
40,Kevin Behrens,ng NGA,FW,Greuther Fürth,22,1998,24,2,499,5.5,2,2,4,0,0,1,0,97,73.5,2,0
41,Ishak Belfodil,ng NGA,FW,Greuther Fürth,22,1998,26,17,1636,18.2,5,2,7,1,1,1,0,177,182.5,5,0
42,Stefan Bell,ng NGA,DF,Greuther Fürth,22,1998,33,33,2864,31.8,2,0,2,0,0,9,0,301,327,2,0
43,Armel Bella Kotchap,ng NGA,DF,Greuther Fürth,22,1998,22,20,1768,19.6,0,0,0,0,0,5,0,177,195.3,0,0
44,Karim Bellarabi,ng NGA,FWMF,Greuther Fürth,22,1998,16,9,683,7.6,3,2,5,0,0,2,0,68,84.5,3,0
45,Jude Bellingham,ng NGA,MF,Greuther Fürth,22,1998,32,32,2790,31.0,3,8,11,0,0,9,0,0,333.8,3,0
46,George Bello,ng NGA,DF,Greuther Fürth,22,1998,10,3,434,4.8,0,0,0,0,0,0,0,52,52,0,0
47,László Bénes,ng NGA,MF,Greuther Fürth,22,1998,13,2,246,2.7,0,0,0,0,0,0,0,31,34.8,0,0
48,Keanan Bennetts,ng NGA,FWDF,Greuther Fürth,22,1998,4,0,50,0.6,0,0,0,0,0,1,0,7,7.9,0,0
49,Ramy Bensebaini,ng NGA,DF,Greuther Fürth,22,1998,23,22,2020,22.4,4,1,5,2,2,6,0,283,222.7,4,0
50,Jordan Beyer,ng NGA,DF,Greuther Fürth,22,1998,17,15,1384,15.4,0,0,0,0,0,5,0,163,157.6,0,0
51,Bartosz Białek,ng NGA,FWDF,Greuther Fürth,22,1998,12,1,178,2.0,0,0,0,0,0,1,0,0,0,0,0
52,Ermin Bičakčić,ng NGA,DF,Greuther Fürth,22,1998,1,0,5,0.1,0,0,0,0,0,0,0,0,0.5,0,0
53,Tom Bischof,ng NGA,MF,Greuther Fürth,22,1998,1,0,14,0.2,0,0,0,0,0,0,0,1,1.9,0,0
54,Danny Blum,ng NGA,FW,Greuther Fürth,22,1998,13,2,346,3.8,2,0,2,0,0,0,0,31,42.4,2,0
55,Kevin-Prince Boateng,ng NGA,MFFW,Greuther Fürth,22,1998,18,8,696,7.7,0,0,0,0,0,8,0,96,82.9,0,0
56,Herbert Bockhorn,ng NGA,DF,Greuther Fürth,22,1998,18,7,850,9.4,0,0,0,0,0,1,0,112,99.1,0,0
57,Jean-Paul Boëtius,ng NGA,MF,Greuther Fürth,22,1998,33,19,1800,20.0,2,2,4,0,0,3,0,236,234.2,2,0
58,Tarsis Bonga,ng NGA,MFFW,Greuther Fürth,22,1998,3,0,17,0.2,0,0,0,0,0,0,0,6,3.1,0,0
59,Solomon Bonnah,ng NGA,DF,Greuther Fürth,22,1998,1,0,6,0.1,0,0,0,0,0,0,0,2,1.1,0,0
60,Sebastiaan Bornauw,ng NGA,DF,Greuther Fürth,22,1998,27,23,2007,22.3,1,0,1,0,0,4,0,224,207.2,1,0
61,Rafael Borré,ng NGA,FW,Greuther Fürth,22,1998,31,28,2378,26.4,8,4,12,0,0,5,0,274,305.7,8,0
62,Dedryck Boyata,ng NGA,DF,Greuther Fürth,22,1998,23,22,1898,21.1,0,0,0,0,0,1,1,140,205.4,0,0
63,Julian Brandt,ng NGA,MFFW,Greuther Fürth,22,1998,31,22,2078,23.1,9,8,17,0,0,3,0,207,268.4,0,0
64,Iker Bravo,ng NGA,FW,Greuther Fürth,22,1998,1,0,12,0.1,0,0,0,0,0,0,0,1,1.7,0,0
65,Fabian Bredlow,ng NGA,GK,Greuther Fürth,22,1998,4,4,360,4.0,0,0,0,0,0,0,0,0,24.5,0,0
66,Josip Brekalo,ng NGA,FW,Greuther Fürth,22,1998,1,0,21,0.2,0,1,1,0,0,0,0,5,3.1,0,0
67,Brian Brobbey,ng NGA,FWMF,Greuther Fürth,22,1998,9,1,131,1.5,0,2,2,0,0,0,0,16,16.4,0,0
68,John Brooks,ng NGA,DF,Greuther Fürth,22,1998,31,29,2615,29.1,1,1,2,0,0,2,0,0,0,0,0
69,Daniel Brosinski,ng NGA,DF,Greuther Fürth,22,1998,11,4,390,4.3,0,0,0,0,0,0,0,30,46.9,0,0
70,Cédric Brunner,ng NGA,DF,Greuther Fürth,22,1998,27,26,2183,24.3,0,1,1,0,0,6,0,255,271.5,0,0
71,Jacob Bruun Larsen,ng NGA,FWMF,Greuther Fürth,22,1998,25,9,812,9.0,4,0,4,0,0,1,0,58,104.4,4,0
72,Sascha Burchert,ng NGA,GK,Greuther Fürth,22,1998,14,14,1260,14.0,0,0,0,0,0,0,0,0,84.4,0,0
73,Delano Burgzorg,ng NGA,MF,Greuther Fürth,22,1998,3,0,27,0.3,1,0,1,0,0,0,0,7,5.3,1,0
74,Jonathan Burkardt,ng NGA,FWMF,Greuther Fürth,22,1998,34,32,2611,29.0,11,3,14,1,1,0,0,298,317.5,0,0
75,Roman Bürki,ng NGA,GK,Greuther Fürth,22,1998,1,1,90,1.0,0,0,0,0,0,0,0,0,4.9,0,0
76,Jamie Bynoe-Gittens,ng NGA,FW,Greuther Fürth,22,1998,4,1,134,1.5,0,0,0,0,0,0,0,33,16.1,0,0
77,Daniel Caligiuri,ng NGA,DFMF,Greuther Fürth,22,1998,28,24,2004,22.3,4,2,6,3,3,4,0,266,236.5,4,0
78,Emre Can,ng NGA,DFMF,Greuther Fürth,22,1998,24,19,1690,18.8,5,1,6,4,4,5,0,234,198.8,5,0
79,Koen Casteels,ng NGA,GK,Greuther Fürth,22,1998,28,28,2520,28.0,0,0,0,0,0,1,0,0,162.5,0,0
80,Gonzalo Castro,ng NGA,MFFW,Greuther Fürth,22,1998,12,4,436,4.8,1,1,2,0,0,0,0,31,58,1,0
81,Julian Chabot,ng NGA,DF,Greuther Fürth,22,1998,4,2,209,2.3,0,0,0,0,0,1,0,0,0,0,0
82,Timothy Chandler,ng NGA,DF,Greuther Fürth,22,1998,17,15,1212,13.5,0,0,0,0,0,4,0,87,144.4,0,0
83,Justin Che,ng NGA,FWDF,Greuther Fürth,22,1998,2,0,41,0.5,0,0,0,0,0,0,0,4,5.3,0,0
84,Max Christiansen,ng NGA,MF,Greuther Fürth,22,1998,27,22,2054,22.8,0,0,0,0,0,5,0,247,275.5,0,0
85,Kingsley Coman,ng NGA,FWDF,Greuther Fürth,22,1998,21,16,1359,15.1,6,2,8,0,0,1,1,186,159.4,6,0
86,Lucas Copado,ng NGA,FW,Greuther Fürth,22,1998,1,0,16,0.2,0,0,0,0,0,0,0,4,2.3,0,0
87,Sergio Córdova,ng NGA,FWMF,Greuther Fürth,22,1998,13,2,328,3.6,0,0,0,0,0,2,0,47,41.4,0,0
88,Danny da Costa,ng NGA,DFMF,Greuther Fürth,22,1998,11,7,725,8.1,0,0,0,0,0,2,0,78,86.3,0,0
89,Tanguy Coulibaly,ng NGA,FWMF,Greuther Fürth,22,1998,21,11,1079,12.0,0,1,1,0,0,8,0,134,129.2,0,0
90,Mickaël Cuisance,ng NGA,MF,Greuther Fürth,22,1998,1,0,13,0.1,0,0,0,0,0,0,0,1,1.9,0,0
91,Matheus Cunha,ng NGA,FW,Greuther Fürth,22,1998,1,1,64,0.7,0,1,1,0,0,0,0,8,6.1,0,0
92,Rafael Czichos,ng NGA,DF,Greuther Fürth,22,1998,17,16,1402,15.6,0,1,1,0,0,4,0,182,0,156.8,0
93,Lennart-Marten Czyborra,ng NGA,DF,Greuther Fürth,22,1998,4,1,131,1.5,0,0,0,0,0,1,0,0,0,0,0
94,Moanes Dabbur,ng NGA,FWMF,Greuther Fürth,22,1998,27,17,1310,14.6,3,4,7,0,0,5,0,0,0,0,0
95,Finn Dahmen,ng NGA,GK,Greuther Fürth,22,1998,2,2,180,2.0,0,0,0,0,0,0,0,0,13.4,0,0
96,Mahmoud Dahoud,ng NGA,MF,Greuther Fürth,22,1998,22,20,1658,18.4,2,3,5,0,0,7,1,192,219.7,2,0
97,Márton Dárdai,ng NGA,DF,Greuther Fürth,22,1998,12,9,755,8.4,0,1,1,0,0,2,0,56,86.9,0,0
98,Vladimír Darida,ng NGA,MF,Greuther Fürth,22,1998,25,23,1786,19.8,2,5,7,0,0,6,0,194,249.3,2,0
99,Alphonso Davies,ng NGA,DF,Greuther Fürth,22,1998,22,20,1740,19.3,0,3,3,0,0,3,0,266,216.9,0,0
100,Saulo Decarli,ng NGA,DF,Greuther Fürth,22,1998,1,0,9,0.1,0,0,0,0,0,0,0,0,1.6,0,0
101,Thomas Delaney,ng NGA,MF,Greuther Fürth,22,1998,1,0,18,0.2,0,0,0,0,0,0,0,0,2.6,0,0
102,Kerem Demirbay,ng NGA,MF,Greuther Fürth,22,1998,29,23,2049,22.8,1,4,5,1,2,10,0,242,262.5,1,0
103,Ermedin Demirović,ng NGA,FW,Greuther Fürth,22,1998,31,9,871,9.7,2,3,5,0,0,4,0,102,112.5,2,0
104,Mike van der Hoorn,ng NGA,DF,Greuther Fürth,22,1998,1,0,14,0.2,0,0,0,0,0,0,0,4,2,0,0
105,Moussa Diaby,ng NGA,FWMF,Greuther Fürth,22,1998,32,32,2760,30.7,13,12,25,0,1,10,1,208,296.7,0,0
106,Daniel Didavi,ng NGA,MFFW,Greuther Fürth,22,1998,10,2,277,3.1,0,1,1,0,0,1,0,34,35.9,0,0
107,Javairô Dilrosun,ng NGA,FW,Greuther Fürth,22,1998,2,1,138,1.5,0,0,0,0,0,0,0,16,16,0,0
108,Lee Dongjun,ng NGA,MFFW,Greuther Fürth,22,1998,4,1,118,1.3,0,0,0,0,0,0,0,0,0,0,0
109,Niklas Dorsch,ng NGA,MF,Greuther Fürth,22,1998,30,27,2324,25.8,1,0,1,0,0,8,0,309,277.4,1,0
110,Ondrej Duda,ng NGA,MFFW,Greuther Fürth,22,1998,31,20,1611,17.9,2,0,2,0,0,5,0,195,220,2,0
111,Jeremy Dudziak,ng NGA,MFFW,Greuther Fürth,22,1998,22,15,1134,12.6,2,0,2,0,0,1,0,133,143.6,2,0
112,Erik Durm,ng NGA,DF,Greuther Fürth,22,1998,7,7,474,5.3,0,1,1,0,0,1,0,46,57.6,0,0
113,Maximilian Eggestein,ng NGA,MF,Greuther Fürth,22,1998,31,26,2194,24.4,1,2,3,0,0,2,0,267,283.2,1,0
114,Lilian Egloff,ng NGA,MFDF,Greuther Fürth,22,1998,4,0,31,0.3,0,0,0,0,0,0,0,2,5.2,0,0
115,Kingsley Ehizibue,ng NGA,DF,Greuther Fürth,22,1998,16,6,681,7.6,0,1,1,0,0,2,0,104,84.6,0,0
116,Julian Eitschberger,ng NGA,DF,Greuther Fürth,22,1998,1,1,45,0.5,0,0,0,0,0,0,0,7,5.4,0,0
117,Jurgen Ekkelenkamp,ng NGA,MFFW,Greuther Fürth,22,1998,21,6,718,8.0,3,0,3,0,0,1,0,62,95.2,3,0
118,Nico Elvedi,ng NGA,DF,Greuther Fürth,22,1998,28,28,2430,27.0,1,0,1,0,0,3,1,250,258.1,1,0
119,Breel Embolo,ng NGA,FW,Greuther Fürth,22,1998,29,24,2166,24.1,9,3,12,0,0,3,0,322,216.7,9,0
120,Keita Endo,ng NGA,MF,Greuther Fürth,22,1998,4,0,55,0.6,0,0,0,0,0,0,0,5,8,0,0
121,Wataru Endo,ng NGA,MF,Greuther Fürth,22,1998,33,33,2899,32.2,4,2,6,0,0,4,0,0,351.1,4,0
122,Michael Esser,ng NGA,GK,Greuther Fürth,22,1998,3,3,270,3.0,0,0,0,0,0,0,0,0,17.4,0,0
123,Wahid Faghir,ng NGA,FW,Greuther Fürth,22,1998,6,0,123,1.4,1,0,1,0,0,0,0,14,15.2,1,0
124,Ömer Faruk Beyaz,ng NGA,DFMF,Greuther Fürth,22,1998,4,0,71,0.8,0,0,0,0,0,0,0,0,0,0,0
125,Adrian Fein,ng NGA,MF,Greuther Fürth,22,1998,3,0,32,0.4,0,0,0,0,0,0,0,1,5.7,0,0
126,Ohis Felix Uduokhai,ng NGA,DF,Greuther Fürth,22,1998,13,8,787,8.7,0,0,0,0,0,1,0,82,91,0,0
127,Edimilson Fernandes,ng NGA,MFFW,Greuther Fürth,22,1998,7,2,283,3.1,0,0,0,0,0,0,0,25,34.8,0,0
128,Alfreð Finnbogason,ng NGA,FW,Greuther Fürth,22,1998,10,3,292,3.2,2,1,3,0,0,0,0,23,38.5,2,0
129,Mark Flekken,ng NGA,GK,Greuther Fürth,22,1998,32,32,2880,32.0,0,0,0,0,0,0,0,0,161.5,0,0
130,Emil Forsberg,ng NGA,MF,Greuther Fürth,22,1998,31,20,1706,19.0,6,2,8,4,4,2,0,159,207.1,6,0
131,Philipp Förster,ng NGA,MFFW,Greuther Fürth,22,1998,20,11,967,10.7,2,1,3,0,0,4,0,103,129.1,2,0
132,Timothy Fosu-Mensah,ng NGA,DF,Greuther Fürth,22,1998,6,0,145,1.6,0,0,0,0,0,0,0,0,0,0,0
133,Raphael Framberger,ng NGA,DF,Greuther Fürth,22,1998,23,9,848,9.4,0,0,0,0,0,3,0,104,108.7,0,0
134,Marvin Friedrich,ng NGA,DF,Greuther Fürth,22,1998,8,7,600,6.7,0,0,0,0,0,1,0,178,205.2,0,0
135,Marvin Friedrich,ng NGA,DF,Greuther Fürth,22,1998,13,13,1169,13.0,0,0,0,0,0,4,1,178,205.2,0,0
136,Jeremie Frimpong,ng NGA,DF,Greuther Fürth,22,1998,25,25,2052,22.8,1,6,7,0,0,6,0,268,225.8,1,0
137,Christian Früchtl,ng NGA,GK,Greuther Fürth,22,1998,1,0,10,0.1,0,0,0,0,0,0,0,0,0.8,0,0
138,Chris Führich,ng NGA,FWMF,Greuther Fürth,22,1998,25,21,1714,19.0,3,2,5,0,0,3,0,196,204,3,0
139,Marius Funk,ng NGA,GK,Greuther Fürth,22,1998,8,8,720,8.0,0,0,0,0,0,0,0,0,44.6,0,0
140,Stephan Fürstner,ng NGA,MF,Greuther Fürth,22,1998,1,0,5,0.1,0,0,0,0,0,0,0,0,1.4,0,0
141,Mijat Gaćinović,ng NGA,FWMF,Greuther Fürth,22,1998,4,1,110,1.2,0,0,0,0,0,1,0,16,14.5,0,0
142,Cristian Gamboa,ng NGA,DF,Greuther Fürth,22,1998,23,20,1722,19.1,1,0,1,0,0,6,0,190,196.5,1,0
143,Silvère Ganvoula M'Boussy,ng NGA,FW,Greuther Fürth,22,1998,9,0,153,1.7,0,0,0,0,0,0,0,32,19.6,0,0
144,Linus Gechter,ng NGA,DF,Greuther Fürth,22,1998,13,6,716,8.0,1,0,1,0,0,0,0,53,93.9,1,0
145,Dennis Geiger,ng NGA,MF,Greuther Fürth,22,1998,20,17,1377,15.3,2,2,4,0,0,6,0,135,178.8,2,0
146,Yannick Gerhardt,ng NGA,MFDF,Greuther Fürth,22,1998,27,17,1574,17.5,1,3,4,0,0,2,0,193,196.1,1,0
147,Hamadi Al Ghaddioui,ng NGA,FW,Greuther Fürth,22,1998,10,7,498,5.5,2,2,4,0,0,2,0,51,59.2,2,0
148,Niko Gießelmann,ng NGA,DFFW,Greuther Fürth,22,1998,28,25,2083,23.1,3,6,9,0,0,3,0,152,269.1,3,0
149,Rafał Gikiewicz,ng NGA,GK,Greuther Fürth,22,1998,34,34,3060,34.0,0,0,0,0,0,0,0,0,203.2,0,0
150,Daniel Ginczek,ng NGA,MFFW,Greuther Fürth,22,1998,2,0,13,0.1,0,0,0,0,0,0,0,2,2.4,0,0
151,Matthias Ginter,ng NGA,DF,Greuther Fürth,22,1998,28,27,2355,26.2,1,0,1,0,0,2,0,229,263.7,1,0
152,Serge Gnabry,ng NGA,FWDF,Greuther Fürth,22,1998,34,25,2185,24.3,14,5,19,0,0,0,0,250,254.3,0,0
153,Leon Goretzka,ng NGA,MF,Greuther Fürth,22,1998,19,19,1396,15.5,3,3,6,0,0,0,0,157,170.8,3,0
154,Jeffrey Gouweleeuw,ng NGA,DF,Greuther Fürth,22,1998,29,29,2576,28.6,2,0,2,1,1,9,0,229,278.4,2,0
155,Jens Grahl,ng NGA,GK,Greuther Fürth,22,1998,1,1,90,1.0,0,0,0,0,0,0,0,0,5.5,0,0
156,Julian Green,ng NGA,MF,Greuther Fürth,22,1998,24,12,1054,11.7,0,0,0,0,0,2,0,110,134.8,0,0
157,Michael Gregoritsch,ng NGA,FWMF,Greuther Fürth,22,1998,25,15,1392,15.5,9,0,9,1,1,3,0,204,164,0,0
158,Sebastian Griesbeck,ng NGA,DFMF,Greuther Fürth,22,1998,29,28,2439,27.1,1,0,1,0,0,7,0,261,274.6,1,0
159,Sebastian Griesbeck,ng NGA,MF,Greuther Fürth,22,1998,1,0,9,0.1,0,0,0,0,0,0,0,261,274.6,1,0
160,Vincenzo Grifo,ng NGA,MFFW,Greuther Fürth,22,1998,34,33,2775,30.8,9,7,16,5,6,0,0,200,354,0,0
161,Lennart Grill,ng NGA,GK,Greuther Fürth,22,1998,1,1,90,1.0,0,0,0,0,0,0,0,0,4.8,0,0
162,Florian Grillitsch,ng NGA,DFMF,Greuther Fürth,22,1998,18,16,1496,16.6,0,0,0,0,0,7,0,165,180.3,0,0
163,Carlos Gruezo,ng NGA,MF,Greuther Fürth,22,1998,17,9,970,10.8,0,0,0,0,0,7,0,73,112.8,0,0
164,Raphaël Guerreiro,ng NGA,DF,Greuther Fürth,22,1998,23,21,1795,19.9,4,2,6,1,1,1,0,150,214.1,4,0
165,Josuha Guilavogui,ng NGA,MFDF,Greuther Fürth,22,1998,15,10,942,10.5,0,0,0,0,0,4,0,143,107.1,0,0
166,Péter Gulácsi,ng NGA,GK,Greuther Fürth,22,1998,33,33,2967,33.0,0,0,0,0,0,1,0,0,179.1,0,0
167,Manuel Gulde,ng NGA,DF,Greuther Fürth,22,1998,20,14,1225,13.6,0,0,0,0,0,2,0,102,142.2,0,0
168,Robert Gumny,ng NGA,DF,Greuther Fürth,22,1998,28,27,2272,25.2,0,0,0,0,0,3,0,229,259.9,0,0
169,Christian Günter,ng NGA,DFMF,Greuther Fürth,22,1998,34,34,3060,34.0,2,9,11,0,0,2,0,184,0,2,0
170,Lasse Günther,ng NGA,DF,Greuther Fürth,22,1998,5,1,161,1.8,0,0,0,0,0,1,0,17,20.2,0,0
171,Joško Gvardiol,ng NGA,DF,Greuther Fürth,22,1998,29,28,2409,26.8,2,2,4,0,0,7,0,336,283.1,2,0
172,Erling Haaland,ng NGA,FW,Greuther Fürth,22,1998,24,21,1911,21.2,22,8,30,6,6,3,0,173,212.4,0,0
173,Janik Haberer,ng NGA,MF,Greuther Fürth,22,1998,26,7,818,9.1,3,0,3,0,0,1,0,86,116.5,3,0
174,Alexander Hack,ng NGA,DF,Greuther Fürth,22,1998,28,24,2074,23.0,3,1,4,0,0,6,1,281,235.1,3,0
175,Robin Hack,ng NGA,FWMF,Greuther Fürth,22,1998,30,13,1364,15.2,0,3,3,0,0,2,0,170,182.6,0,0
176,André Hahn,ng NGA,MFFW,Greuther Fürth,22,1998,32,25,2101,23.3,5,2,7,0,0,5,0,238,268.6,5,65.85
177,Amadou Haidara,ng NGA,MF,Greuther Fürth,22,1998,20,15,1326,14.7,3,1,4,0,0,2,0,163,170.3,3,0
178,Marcel Halstenberg,ng NGA,DF,Greuther Fürth,22,1998,8,5,507,5.6,1,0,1,0,0,0,0,60,60.1,1,0
179,Genki Haraguchi,ng NGA,MF,Greuther Fürth,22,1998,30,23,1755,19.5,2,6,8,0,0,2,0,187,228.6,2,0
180,Luis Hartwig,ng NGA,FW,Greuther Fürth,22,1998,1,0,2,0.0,0,0,0,0,0,0,0,1,0.9,0,0
181,Makoto Hasebe,ng NGA,DF,Greuther Fürth,22,1998,18,12,1187,13.2,0,0,0,0,0,1,0,124,139,0,0
182,Thorgan Hazard,ng NGA,FWDF,Greuther Fürth,22,1998,23,14,1337,14.9,4,1,5,0,0,2,0,147,179.1,4,0
183,Jonas Hector,ng NGA,DF,Greuther Fürth,22,1998,30,30,2553,28.4,0,6,6,0,0,3,0,342,307.1,0,0
184,Hwang Hee-chan,ng NGA,FW,Greuther Fürth,22,1998,2,0,49,0.5,0,0,0,0,0,0,0,0,0,0,0
185,Dominique Heintz,ng NGA,DF,Greuther Fürth,22,1998,7,7,467,5.2,0,0,0,0,0,0,0,53,57.2,0,0
186,Dominique Heintz,ng NGA,DF,Greuther Fürth,22,1998,1,0,29,0.3,0,0,0,0,0,0,0,53,57.2,0,0
187,Benjamin Henrichs,ng NGA,DF,Greuther Fürth,22,1998,22,12,1143,12.7,3,3,6,0,0,3,0,128,132.4,3,0
188,Lucas Hernández,ng NGA,DF,Greuther Fürth,22,1998,25,25,2030,22.6,0,1,1,0,0,7,0,233,236.6,0,0
189,Patrick Herrmann,ng NGA,DFFW,Greuther Fürth,22,1998,23,5,754,8.4,0,4,4,0,0,1,0,66,103.8,0,0
190,Piero Hincapié,ng NGA,DF,Greuther Fürth,22,1998,27,20,1754,19.5,1,2,3,0,0,5,0,0,0,0,0
191,Martin Hinteregger,ng NGA,DF,Greuther Fürth,22,1998,27,25,2222,24.7,1,0,1,0,0,6,0,277,252.7,1,0
192,Marwin Hitz,ng NGA,GK,Greuther Fürth,22,1998,5,4,405,4.5,0,0,0,0,0,0,0,0,25.9,0,0
193,Nicolas Höfler,ng NGA,MF,Greuther Fürth,22,1998,30,30,2600,28.9,2,4,6,0,0,5,0,345,329.9,2,0
194,Jonas Hofmann,ng NGA,MFFW,Greuther Fürth,22,1998,26,24,2078,23.1,12,5,17,0,0,1,0,176,264.8,0,0
195,Lucas Höler,ng NGA,FW,Greuther Fürth,22,1998,34,30,2583,28.7,7,2,9,0,0,2,0,0,325.3,7,0
196,Gerrit Holtmann,ng NGA,FWMF,Greuther Fürth,22,1998,29,23,1840,20.4,5,4,9,0,0,0,0,172,196.4,5,0
197,Justin Hoogma,ng NGA,DF,Greuther Fürth,22,1998,3,3,270,3.0,0,0,0,0,0,1,0,20,30,0,0
198,Jannes Horn,ng NGA,DF,Greuther Fürth,22,1998,11,3,478,5.3,0,0,0,0,0,2,0,38,60.1,0,0
199,Timo Horn,ng NGA,GK,Greuther Fürth,22,1998,13,13,1170,13.0,0,0,0,0,0,0,0,0,76,0,0
200,Lukáš Hrádecký,ng NGA,GK,Greuther Fürth,22,1998,32,32,2880,32.0,0,0,0,0,0,1,0,0,170.7,0,0
201,Branimir Hrgota,ng NGA,FW,Greuther Fürth,22,1998,34,33,2777,30.9,9,5,14,5,5,4,0,310,322.1,0,0
202,Ajdin Hrustic,ng NGA,MF,Greuther Fürth,22,1998,23,9,964,10.7,2,0,2,0,0,2,0,87,134.8,2,0
203,Timo Hübers,ng NGA,DF,Greuther Fürth,22,1998,20,20,1740,19.3,1,0,1,0,0,7,0,242,199.9,1,0
204,Benjamin Hübner,ng NGA,DF,Greuther Fürth,22,1998,5,5,375,4.2,1,0,1,0,0,2,0,46,43.7,1,0
205,Mats Hummels,ng NGA,DF,Greuther Fürth,22,1998,23,20,1765,19.6,1,2,3,0,0,4,0,216,201.6,1,0
206,Iago,ng NGA,DF,Greuther Fürth,22,1998,28,26,2174,24.2,2,5,7,0,0,3,0,0,0,0,0
207,Stefan Ilsanker,ng NGA,DFMF,Greuther Fürth,22,1998,12,3,266,3.0,0,0,0,0,0,1,0,39,35.6,0,0
208,Burak İnce,ng NGA,FW,Greuther Fürth,22,1998,5,1,139,1.5,0,0,0,0,0,0,0,0,0,0,0
209,Marcus Ingvartsen,ng NGA,MF,Greuther Fürth,22,1998,2,2,122,1.4,0,0,0,0,0,0,0,106,111.6,6,0
210,Marcus Ingvartsen,ng NGA,FWMF,Greuther Fürth,22,1998,26,6,680,7.6,6,0,6,1,1,2,0,106,111.6,6,0
211,Hiroki Ito,ng NGA,DF,Greuther Fürth,22,1998,29,26,2348,26.1,1,1,2,0,0,2,0,213,260.2,1,0
212,Cedric Itten,ng NGA,FW,Greuther Fürth,22,1998,12,7,635,7.1,2,0,2,0,0,1,0,82,79.9,2,0
213,Gian-Luca Itter,ng NGA,DF,Greuther Fürth,22,1998,24,16,1455,16.2,0,1,1,0,0,3,0,143,172,0,0
214,Lee Jae-sung,ng NGA,MFFW,Greuther Fürth,22,1998,27,19,1436,16.0,4,3,7,0,0,3,0,0,0,0,0
215,Paul Jaeckel,ng NGA,DF,Greuther Fürth,22,1998,24,22,2047,22.7,0,0,0,0,0,5,0,271,233,0,0
216,Kristijan Jakić,ng NGA,MF,Greuther Fürth,22,1998,26,21,1879,20.9,1,0,1,0,0,6,0,212,249.4,1,0
217,Tony Jantschke,ng NGA,DF,Greuther Fürth,22,1998,3,3,225,2.5,0,0,0,0,0,0,0,20,27.3,0,0
218,Dennis Jastrzembski,ng NGA,DFFW,Greuther Fürth,22,1998,8,1,225,2.5,0,0,0,0,0,1,0,25,29.6,0,0
219,Fredrik Jensen,ng NGA,MFFW,Greuther Fürth,22,1998,12,2,418,4.6,0,1,1,0,0,0,0,33,57.4,0,0
220,Marco John,ng NGA,DF,Greuther Fürth,22,1998,2,0,42,0.5,0,0,0,0,0,0,0,5,5.4,0,0
221,Stevan Jovetić,ng NGA,FWMF,Greuther Fürth,22,1998,18,13,1017,11.3,6,1,7,0,0,3,0,111,127.4,6,0
222,Gideon Jung,ng NGA,DF,Greuther Fürth,22,1998,5,1,142,1.6,0,0,0,0,0,0,0,12,16.6,0,0
223,Anton Kade,ng NGA,FWMF,Greuther Fürth,22,1998,4,0,77,0.9,0,0,0,0,0,0,0,13,11.4,0,0
224,Pavel Kadeřábek,ng NGA,DFMF,Greuther Fürth,22,1998,19,14,1195,13.3,1,2,3,0,0,5,0,125,148.7,1,0
225,Florian Kainz,ng NGA,MFFW,Greuther Fürth,22,1998,32,31,2320,25.8,4,4,8,0,0,3,1,254,281.7,4,0
226,Sasa Kalajdzic,ng NGA,FW,Greuther Fürth,22,1998,15,13,1221,13.6,6,1,7,1,2,2,0,0,0,0,0
227,Daichi Kamada,ng NGA,MF,Greuther Fürth,22,1998,32,23,2139,23.8,4,3,7,0,0,0,0,197,277.6,4,0
228,Kevin Kampl,ng NGA,MF,Greuther Fürth,22,1998,27,25,1899,21.1,0,1,1,0,0,4,0,171,240.5,0,0
229,Stefanos Kapino,ng NGA,GK,Greuther Fürth,22,1998,1,1,90,1.0,0,0,0,0,0,0,0,0,4.6,0,0
230,Atakan Karazor,ng NGA,MF,Greuther Fürth,22,1998,24,23,1898,21.1,0,1,1,0,0,9,1,264,244.4,0,0
231,Silas Katompa,ng NGA,FWMF,Greuther Fürth,22,1998,9,3,277,3.1,0,0,0,0,0,0,0,0,0,0,0
232,Noah Katterbach,ng NGA,DF,Greuther Fürth,22,1998,1,0,16,0.2,0,0,0,0,0,0,0,4,1.9,0,0
233,Yannik Keitel,ng NGA,MF,Greuther Fürth,22,1998,12,5,504,5.6,0,0,0,0,0,1,0,64,61.5,0,0
234,Marc-Oliver Kempf,ng NGA,DF,Greuther Fürth,22,1998,12,12,1051,11.7,0,1,1,0,0,1,1,250,210.4,3,0
235,Marc-Oliver Kempf,ng NGA,DF,Greuther Fürth,22,1998,12,10,840,9.3,3,0,3,0,0,2,0,250,210.4,3,0
236,Rani Khedira,ng NGA,MF,Greuther Fürth,22,1998,32,32,2757,30.6,0,1,1,0,0,6,0,299,352.4,0,0
237,Luca Kilian,ng NGA,FW,Greuther Fürth,22,1998,1,0,1,0.0,0,0,0,0,0,0,0,224,268.3,1,0
238,Luca Kilian,ng NGA,DF,Greuther Fürth,22,1998,30,25,2281,25.3,1,0,1,0,0,3,0,224,268.3,1,0
239,Joshua Kimmich,ng NGA,MF,Greuther Fürth,22,1998,28,28,2474,27.5,3,9,12,0,0,4,0,288,342.7,3,0
240,Philipp Klement,ng NGA,MF,Greuther Fürth,22,1998,6,3,338,3.8,1,0,1,0,0,0,0,33,42.9,1,0
241,Mateo Klimowicz,ng NGA,MFFW,Greuther Fürth,22,1998,15,7,603,6.7,0,1,1,0,0,2,0,65,82,0,0
242,Fabian Klos,ng NGA,FW,Greuther Fürth,22,1998,25,14,1420,15.8,3,1,4,2,2,2,1,241,165.3,3,0
243,Lukas Klostermann,ng NGA,DF,Greuther Fürth,22,1998,23,17,1648,18.3,0,1,1,0,0,1,0,141,195.2,0,0
244,Lukas Klünter,ng NGA,DF,Greuther Fürth,22,1998,5,2,194,2.2,0,0,0,0,0,1,0,16,22.4,0,0
245,Ansgar Knauff,ng NGA,FWMF,Greuther Fürth,22,1998,5,0,114,1.3,0,0,0,0,0,0,0,123,112.6,1,0
246,Ansgar Knauff,ng NGA,DFMF,Greuther Fürth,22,1998,12,8,759,8.4,1,1,2,0,0,0,0,123,112.6,1,0
247,Robin Knoche,ng NGA,DF,Greuther Fürth,22,1998,33,33,2970,33.0,0,0,0,0,0,6,0,287,346.9,0,0
248,Gregor Kobel,ng NGA,GK,Greuther Fürth,22,1998,29,29,2565,28.5,0,0,0,0,0,0,0,0,159.7,0,0
249,Dominik Kohr,ng NGA,MF,Greuther Fürth,22,1998,22,19,1614,17.9,0,3,3,0,0,10,2,198,192.2,0,0
250,Kouadio Koné,ng NGA,MF,Greuther Fürth,22,1998,27,26,2183,24.3,2,0,2,0,0,10,0,361,270.2,2,0
251,Odilon Kossonou,ng NGA,DF,Greuther Fürth,22,1998,27,20,1793,19.9,0,1,1,0,0,3,0,0,0,0,0
252,Filip Kostić,ng NGA,DFFW,Greuther Fürth,22,1998,31,28,2522,28.0,4,9,13,0,0,2,0,236,297.7,4,0
253,Andrej Kramarić,ng NGA,FWMF,Greuther Fürth,22,1998,32,30,2707,30.1,6,9,15,0,0,2,0,160,347.1,6,0
254,Christoph Kramer,ng NGA,MF,Greuther Fürth,22,1998,18,7,748,8.3,0,0,0,0,0,1,0,104,102.8,0,0
255,Florian Krüger,ng NGA,FWMF,Greuther Fürth,22,1998,27,12,1129,12.5,1,2,3,0,0,0,0,88,147.1,1,0
256,Max Kruse,ng NGA,MFFW,Greuther Fürth,22,1998,14,14,1128,12.5,7,1,8,2,2,0,0,176,266.9,0,0
257,Max Kruse,ng NGA,FWMF,Greuther Fürth,22,1998,16,16,1270,14.1,5,4,9,3,3,1,0,176,266.9,0,0
258,Lukas Kübler,ng NGA,DFMF,Greuther Fürth,22,1998,29,27,2327,25.9,2,0,2,0,0,2,0,242,282.8,2,0
259,Fabian Kunze,ng NGA,MF,Greuther Fürth,22,1998,22,13,1260,14.0,0,0,0,0,0,9,0,181,161.6,0,0
260,Maxence Lacroix,ng NGA,DF,Greuther Fürth,22,1998,29,29,2491,27.7,0,0,0,0,0,5,3,358,273.8,0,0
261,Konrad Laimer,ng NGA,MF,Greuther Fürth,22,1998,26,15,1240,13.8,4,4,8,0,0,2,0,177,154.3,4,0
262,Stefan Lainer,ng NGA,DF,Greuther Fürth,22,1998,21,19,1471,16.3,1,2,3,0,0,2,0,123,179.6,1,0
263,Vassilis Lambropoulos,ng NGA,DF,Greuther Fürth,22,1998,13,13,1168,13.0,0,0,0,0,0,1,0,0,0,0,0
264,Sam Lammers,ng NGA,FWMF,Greuther Fürth,22,1998,15,5,517,5.7,1,0,1,0,0,1,0,57,70.9,1,0
265,Bryan Lasme,ng NGA,FW,Greuther Fürth,22,1998,23,7,877,9.7,2,0,2,0,0,2,0,118,103.4,2,0
266,Maxim Leitsch,ng NGA,DF,Greuther Fürth,22,1998,19,17,1538,17.1,1,0,1,0,0,2,0,140,180.3,1,0
267,Tim Lemperle,ng NGA,FWMF,Greuther Fürth,22,1998,13,0,149,1.7,2,0,2,0,0,0,0,28,25.4,2,0
268,Christopher Lenz,ng NGA,DF,Greuther Fürth,22,1998,15,6,664,7.4,0,1,1,0,0,6,0,90,85.2,0,0
269,Robert Lewandowski,ng NGA,FW,Greuther Fürth,22,1998,34,34,2946,32.7,35,3,38,5,5,2,0,302,322.1,0,0
270,Jamie Leweling,ng NGA,FWMF,Greuther Fürth,22,1998,33,22,1959,21.8,5,1,6,0,0,3,0,249,236.4,5,0
271,Philipp Lienhart,ng NGA,DF,Greuther Fürth,22,1998,32,32,2870,31.9,5,0,5,0,0,2,0,217,330.8,5,0
272,Andreas Linde,ng NGA,GK,Greuther Fürth,22,1998,12,12,1080,12.0,0,0,0,0,0,0,0,0,67.5,0,0
273,Jesper Lindstrøm,ng NGA,MFFW,Greuther Fürth,22,1998,29,26,1976,22.0,5,4,9,0,0,0,0,0,0,0,0
274,Dejan Ljubicic,ng NGA,MFFW,Greuther Fürth,22,1998,30,22,1969,21.9,3,1,4,0,0,4,0,184,266.6,3,0
275,Jürgen Locadia,ng NGA,FWMF,Greuther Fürth,22,1998,11,4,444,4.9,2,1,3,1,1,0,0,59,52.2,2,0
276,Anthony Losilla,ng NGA,MF,Greuther Fürth,22,1998,33,33,2935,32.6,2,0,2,0,0,5,0,376,0,2,0
277,Marcel Lotka,ng NGA,GK,Greuther Fürth,22,1998,10,9,885,9.8,0,0,0,0,0,1,0,0,63.4,0,0
278,Eduard Löwen,ng NGA,MF,Greuther Fürth,22,1998,26,15,1416,15.7,2,2,4,1,1,0,0,158,181.3,2,0
279,Anderson Lucoqui,ng NGA,DF,Greuther Fürth,22,1998,13,9,743,8.3,1,0,1,0,0,2,0,86,88.4,1,0
280,Dodi Lukebakio,ng NGA,FW,Greuther Fürth,22,1998,3,2,176,2.0,1,0,1,1,1,0,0,0,0,0,0
281,Dodi Lukebakio,ng NGA,FWMF,Greuther Fürth,22,1998,19,7,882,9.8,1,2,3,0,0,2,0,0,0,0,0
282,Andrey Lunyov,ng NGA,GK,Greuther Fürth,22,1998,1,1,90,1.0,0,0,0,0,0,0,0,0,0,0,0
283,Andreas Luthe,ng NGA,GK,Greuther Fürth,22,1998,27,27,2430,27.0,0,0,0,0,0,3,0,0,166.6,0,0
284,Matej Maglica,ng NGA,MF,Greuther Fürth,22,1998,1,0,6,0.1,0,0,0,0,0,0,0,2,1.4,0,0
285,Arne Maier,ng NGA,MF,Greuther Fürth,22,1998,29,21,1864,20.7,1,6,7,0,0,0,0,167,244.9,1,0
286,Donyell Malen,ng NGA,FW,Greuther Fürth,22,1998,27,20,1684,18.7,5,3,8,0,0,2,0,168,189,5,0
287,Lennard Maloney,ng NGA,DF,Greuther Fürth,22,1998,2,0,9,0.1,0,0,0,0,0,0,0,1,2.3,0,0
288,Orel Mangala,ng NGA,MF,Greuther Fürth,22,1998,28,22,1853,20.6,1,3,4,0,0,4,0,218,222.5,1,0
289,Myziane Maolida,ng NGA,FWMF,Greuther Fürth,22,1998,14,9,776,8.6,1,1,2,0,0,0,0,76,86.7,1,0
290,Omar Marmoush,ng NGA,FW,Greuther Fürth,22,1998,2,0,24,0.3,0,0,0,0,0,0,0,236,183.8,3,0
291,Omar Marmoush,ng NGA,FW,Greuther Fürth,22,1998,21,19,1571,17.5,3,5,8,0,1,3,0,236,183.8,3,0
292,Aarón Martín,ng NGA,DF,Greuther Fürth,22,1998,28,25,2292,25.5,1,1,2,0,0,7,0,203,279.8,1,0
293,Josep Martinez,ng NGA,GK,Greuther Fürth,22,1998,1,1,90,1.0,0,0,0,0,0,0,0,0,0,0,0
294,Erhan Mašović,ng NGA,DF,Greuther Fürth,22,1998,20,17,1552,17.2,0,0,0,0,0,7,0,141,176,0,0
295,Roberto Massimo,ng NGA,DFFW,Greuther Fürth,22,1998,19,11,877,9.7,2,0,2,0,0,0,0,82,103.3,2,0
296,Konstantinos Mavropanos,ng NGA,DF,Greuther Fürth,22,1998,31,31,2705,30.1,4,0,4,0,0,3,0,364,290,4,0
297,Eric Maxim Choupo-Moting,ng NGA,FWMF,Greuther Fürth,22,1998,20,1,377,4.2,4,2,6,0,0,0,0,74,46.4,4,0
298,Kevin Mbabu,ng NGA,DF,Greuther Fürth,22,1998,24,14,1391,15.5,0,0,0,0,0,4,0,194,155.1,0,0
299,Nathan de Medina,ng NGA,DF,Greuther Fürth,22,1998,19,7,775,8.6,0,0,0,0,0,2,0,82,85.1,0,0
300,Admir Mehmedi,ng NGA,DF,Greuther Fürth,22,1998,1,0,4,0.0,0,0,0,0,0,0,0,2,1.2,0,0
301,Jorge Meré,ng NGA,DF,Greuther Fürth,22,1998,8,5,490,5.4,0,0,0,0,0,2,0,38,51.9,0,0
302,Thomas Meunier,ng NGA,DF,Greuther Fürth,22,1998,17,17,1402,15.6,2,4,6,0,0,4,0,129,186.2,2,0
303,Marco Meyerhöfer,ng NGA,DF,Greuther Fürth,22,1998,26,25,2280,25.3,1,0,1,0,0,0,0,233,277.9,1,0
304,Sven Michel,ng NGA,FW,Greuther Fürth,22,1998,13,2,338,3.8,3,1,4,0,0,2,0,66,46.7,3,0
305,Enzo Millot,ng NGA,MF,Greuther Fürth,22,1998,6,0,53,0.6,0,1,1,0,0,0,0,13,9.5,0,0
306,Maximilian Mittelstädt,ng NGA,DFFW,Greuther Fürth,22,1998,24,16,1493,16.6,0,5,5,0,0,3,0,241,184.8,0,0
307,Anthony Modeste,ng NGA,FW,Greuther Fürth,22,1998,32,31,2606,29.0,20,4,24,1,1,4,0,239,277.3,0,0
308,Kevin Möhwald,ng NGA,MF,Greuther Fürth,22,1998,16,3,354,3.9,0,0,0,0,0,2,0,32,52.4,0,0
309,Clinton Mola,ng NGA,DF,Greuther Fürth,22,1998,3,1,113,1.3,0,0,0,0,0,0,0,16,13.4,0,0
310,Jan Morávek,ng NGA,MF,Greuther Fürth,22,1998,17,5,471,5.2,0,0,0,0,0,1,0,60,67.6,0,0
311,Ilaix Moriba,ng NGA,MF,Greuther Fürth,22,1998,2,0,32,0.4,0,0,0,0,0,0,0,8,4.4,0,0
312,Youssoufa Moukoko,ng NGA,FWMF,Greuther Fürth,22,1998,16,1,223,2.5,2,0,2,0,0,1,0,25,32.4,2,0
313,Nordi Mukiele,ng NGA,DFFW,Greuther Fürth,22,1998,28,21,1842,20.5,1,3,4,0,0,3,0,251,211,1,0
314,Florian Müller,ng NGA,GK,Greuther Fürth,22,1998,30,30,2700,30.0,0,0,0,0,0,0,0,0,167.4,0,0
315,Thomas Müller,ng NGA,MF,Greuther Fürth,22,1998,32,32,2558,28.4,8,18,26,0,0,0,0,275,319.4,8,0
316,Torben Müsel,ng NGA,MF,Greuther Fürth,22,1998,1,0,5,0.1,0,0,0,0,0,0,0,0,0.8,0,0
317,Jamal Musiala,ng NGA,MFFW,Greuther Fürth,22,1998,30,12,1465,16.3,5,5,10,0,0,2,0,244,190.6,5,0
318,Obite N'Dicka,ng NGA,DF,Greuther Fürth,22,1998,32,32,2857,31.7,4,4,8,0,0,3,0,0,0,0,0
319,Nikolas Nartey,ng NGA,MFDF,Greuther Fürth,22,1998,8,4,404,4.5,0,0,0,0,0,1,0,45,53.3,0,0
320,Paul Nebel,ng NGA,MFFW,Greuther Fürth,22,1998,10,2,228,2.5,0,1,1,0,0,3,0,28,32.9,0,0
321,David Nemeth,ng NGA,DF,Greuther Fürth,22,1998,6,2,311,3.5,0,0,0,0,0,0,0,40,34.9,0,0
322,Luca Netz,ng NGA,DFFW,Greuther Fürth,22,1998,24,17,1396,15.5,0,4,4,0,0,1,0,114,170,0,0
323,Manuel Neuer,ng NGA,GK,Greuther Fürth,22,1998,28,28,2510,27.9,0,0,0,0,0,0,0,0,148.5,0,0
324,Florian Neuhaus,ng NGA,MF,Greuther Fürth,22,1998,29,24,2121,23.6,4,4,8,0,0,2,0,272,268.5,4,0
325,Jessic Ngankam,ng NGA,FW,Greuther Fürth,22,1998,6,4,341,3.8,2,1,3,0,0,0,0,33,39.2,2,0
326,Moussa Niakhate,ng NGA,DF,Greuther Fürth,22,1998,30,29,2567,28.5,4,0,4,2,2,1,0,0,0,0,0
327,Tanguy Nianzou,ng NGA,DF,Greuther Fürth,22,1998,17,6,582,6.5,1,1,2,0,0,4,0,76,70.5,1,0
328,Florian Niederlechner,ng NGA,FW,Greuther Fürth,22,1998,26,13,1165,12.9,5,3,8,0,0,1,0,114,146.5,5,0
329,Håvard Nielsen,ng NGA,MFFW,Greuther Fürth,22,1998,26,14,1367,15.2,2,0,2,0,0,2,0,202,178,2,0
330,Joakim Nilsson,ng NGA,DF,Greuther Fürth,22,1998,31,31,2735,30.4,2,0,2,0,0,5,0,286,318.4,2,0
331,Christopher Nkunku,ng NGA,FWMF,Greuther Fürth,22,1998,34,31,2723,30.3,20,13,33,1,1,2,0,317,304.1,0,0
332,Felix Nmecha,ng NGA,MFFW,Greuther Fürth,22,1998,16,1,323,3.6,0,0,0,0,0,2,0,55,43.3,0,0
333,Lukas Nmecha,ng NGA,FWMF,Greuther Fürth,22,1998,25,18,1627,18.1,8,0,8,0,0,5,0,202,199.2,8,0
334,Håvard Nordtveit,ng NGA,DF,Greuther Fürth,22,1998,11,1,304,3.4,0,0,0,0,0,1,0,29,38.8,0,0
335,Connor Noß,ng NGA,MF,Greuther Fürth,22,1998,3,0,52,0.6,0,0,0,0,0,0,0,0,0,0,0
336,Hugo Novoa,ng NGA,MFFW,Greuther Fürth,22,1998,8,1,136,1.5,1,0,1,0,0,0,0,23,19.5,1,0
337,Soma Novothny,ng NGA,FWMF,Greuther Fürth,22,1998,6,0,80,0.9,1,0,1,0,0,0,0,11,12.7,1,0
338,Kasim Nuhu,ng NGA,DF,Greuther Fürth,22,1998,3,0,5,0.1,0,0,0,0,0,0,0,0,0,0,0
339,Hans Nunoo Sarpei,ng NGA,DFMF,Greuther Fürth,22,1998,8,7,643,7.1,0,0,0,0,0,2,0,82,71,0,0
340,Bastian Oczipka,ng NGA,DF,Greuther Fürth,22,1998,18,9,932,10.4,0,1,1,0,0,1,0,106,115.3,0,0
341,Masaya Okugawa,ng NGA,MFFW,Greuther Fürth,22,1998,33,30,2531,28.1,8,1,9,0,0,0,0,223,331.9,8,0
342,Mathias Olesen,ng NGA,MFFW,Greuther Fürth,22,1998,3,0,17,0.2,0,0,0,0,0,0,0,1,3.3,0,0
343,Dani Olmo,ng NGA,MFFW,Greuther Fürth,22,1998,19,7,743,8.3,3,3,6,0,0,2,0,114,89.3,3,0
344,Karim Onisiwo,ng NGA,FW,Greuther Fürth,22,1998,31,28,2361,26.2,5,8,13,0,0,0,0,340,271.7,5,0
345,Willi Orban,ng NGA,DF,Greuther Fürth,22,1998,30,30,2642,29.4,2,1,3,0,0,1,0,269,294.2,2,0
346,Stefan Ortega,ng NGA,GK,Greuther Fürth,22,1998,33,33,2970,33.0,0,0,0,0,0,1,0,0,178.7,0,0
347,Patrick Osterhage,ng NGA,MF,Greuther Fürth,22,1998,13,6,599,6.7,0,1,1,0,0,2,0,62,81.2,0,0
348,Tomáš Ostrák,ng NGA,MFFW,Greuther Fürth,22,1998,5,0,31,0.3,0,1,1,0,0,0,0,8,6.7,0,0
349,Paulo Otávio,ng NGA,DFMF,Greuther Fürth,22,1998,7,5,362,4.0,0,1,1,0,0,0,0,59,40.8,0,0
350,Reece Oxford,ng NGA,DF,Greuther Fürth,22,1998,30,30,2693,29.9,2,1,3,0,0,9,0,303,309.8,2,0
351,Salih Özcan,ng NGA,MF,Greuther Fürth,22,1998,31,26,2312,25.7,2,0,2,0,0,5,0,327,277.8,2,0
352,Levin Öztunalı,ng NGA,MF,Greuther Fürth,22,1998,18,5,572,6.4,0,0,0,0,0,0,0,0,0,0,0
353,Gonçalo Paciência,ng NGA,FW,Greuther Fürth,22,1998,18,4,516,5.7,3,0,3,1,2,3,0,0,0,0,0
354,Exequiel Palacios,ng NGA,MF,Greuther Fürth,22,1998,23,12,1097,12.2,2,2,4,0,0,2,0,127,147,2,0
355,Miloš Pantović,ng NGA,MFFW,Greuther Fürth,22,1998,28,18,1533,17.0,4,3,7,1,1,2,0,158,208,4,0
356,Antonios Papadopoulos,ng NGA,DFMF,Greuther Fürth,22,1998,2,0,17,0.2,0,0,0,0,0,1,0,0,2.7,0,0
357,Matondo-Merveille Papela,ng NGA,MF,Greuther Fürth,22,1998,5,0,83,0.9,0,0,0,0,0,0,0,7,11.3,0,0
358,Kevin Paredes,ng NGA,FWDF,Greuther Fürth,22,1998,2,0,16,0.2,0,0,0,0,0,0,0,0,1.9,0,0
359,Felix Passlack,ng NGA,DF,Greuther Fürth,22,1998,10,5,472,5.2,1,0,1,0,0,0,0,54,60.3,1,0
360,Paulinho,ng NGA,FWMF,Greuther Fürth,22,1998,24,14,1218,13.5,4,1,5,0,0,1,0,0,0,0,0
361,Benjamin Pavard,ng NGA,DF,Greuther Fürth,22,1998,25,24,2076,23.1,0,1,1,0,0,2,1,209,255.8,0,0
362,Mads Pedersen,ng NGA,MFDF,Greuther Fürth,22,1998,29,15,1391,15.5,2,1,3,0,0,5,0,169,176.5,2,0
363,Peter Pekarík,ng NGA,DF,Greuther Fürth,22,1998,27,26,2234,24.8,0,0,0,0,0,1,0,182,282.8,0,0
364,Philipp Pentke,ng NGA,GK,Greuther Fürth,22,1998,1,1,90,1.0,0,0,0,0,0,0,0,0,5.2,0,0
365,Ricardo Pepi,ng NGA,FWMF,Greuther Fürth,22,1998,11,4,477,5.3,0,0,0,0,0,0,0,42,62.1,0,0
366,Pavao Pervan,ng NGA,GK,Greuther Fürth,22,1998,6,6,540,6.0,0,0,0,0,0,0,0,0,29.1,0,0
367,Nils Petersen,ng NGA,FW,Greuther Fürth,22,1998,22,3,580,6.4,5,1,6,0,0,0,0,63,80.8,5,0
368,Jens Petter Hauge,ng NGA,MFFW,Greuther Fürth,22,1998,26,9,1040,11.6,2,2,4,0,0,4,0,114,146.3,2,0
369,Immanuel Pherai,ng NGA,MF,Greuther Fürth,22,1998,1,0,1,0.0,0,0,0,0,0,0,0,0,0,0,0
370,Maximilian Philipp,ng NGA,MF,Greuther Fürth,22,1998,22,12,963,10.7,1,4,5,0,0,2,0,96,116.4,1,0
371,Krzysztof Piątek,ng NGA,FW,Greuther Fürth,22,1998,9,4,347,3.9,1,0,1,0,0,0,0,38,44.9,1,0
372,Amos Pieper,ng NGA,DF,Greuther Fürth,22,1998,27,27,2379,26.4,0,0,0,0,0,2,0,250,288.7,0,0
373,Marvin Plattenhardt,ng NGA,DF,Greuther Fürth,22,1998,21,19,1637,18.2,0,3,3,0,0,3,0,146,184.4,0,0
374,Alassane Pléa,ng NGA,MFFW,Greuther Fürth,22,1998,33,24,2070,23.0,10,6,16,3,3,4,0,212,229.5,0,0
375,Joel Pohjanpalo,ng NGA,FW,Greuther Fürth,22,1998,2,0,12,0.1,0,0,0,0,0,0,0,1,1.8,0,0
376,Sebastian Polter,ng NGA,FW,Greuther Fürth,22,1998,33,27,2341,26.0,10,1,11,1,2,2,0,281,262.6,0,57.03
377,Marin Pongračić,ng NGA,DF,Greuther Fürth,22,1998,17,9,827,9.2,0,0,0,0,0,3,0,89,93.1,0,0
378,Stefan Posch,ng NGA,DF,Greuther Fürth,22,1998,28,26,2199,24.4,2,0,2,0,0,5,0,232,269.5,2,0
379,Yussuf Poulsen,ng NGA,FWMF,Greuther Fürth,22,1998,25,12,1079,12.0,6,0,6,0,0,2,0,173,129.8,6,0
380,Manuel Prietl,ng NGA,MF,Greuther Fürth,22,1998,26,23,2123,23.6,0,1,1,0,0,3,0,246,286.5,0,0
381,Grischa Prömel,ng NGA,MF,Greuther Fürth,22,1998,29,28,2422,26.9,8,1,9,0,0,4,0,259,335.7,8,0
382,Nick Proschwitz,ng NGA,FW,Greuther Fürth,22,1998,1,0,27,0.3,0,0,0,0,0,0,0,0,3,0,0
383,Afimico Pululu,ng NGA,FWMF,Greuther Fürth,22,1998,8,0,70,0.8,0,0,0,0,0,0,0,27,10.9,0,0
384,Sidney Raebiger,ng NGA,MF,Greuther Fürth,22,1998,1,0,4,0.0,0,0,0,0,0,0,0,0,0.6,0,0
385,Diant Ramaj,ng NGA,GK,Greuther Fürth,22,1998,1,1,90,1.0,0,0,0,0,0,0,0,0,5,0,0
386,Guilherme Ramos,ng NGA,DF,Greuther Fürth,22,1998,13,9,906,10.1,0,0,0,0,0,1,0,127,104.8,0,0
387,Tobias Raschl,ng NGA,MF,Greuther Fürth,22,1998,10,7,597,6.6,0,1,1,0,0,0,0,68,73.3,0,0
388,David Raum,ng NGA,DFFW,Greuther Fürth,22,1998,32,31,2757,30.6,3,11,14,0,0,5,0,308,0,3,0
389,Reinier,ng NGA,FWMF,Greuther Fürth,22,1998,13,1,162,1.8,0,0,0,0,0,0,0,0,0,0,0
390,Panagiotis Retsos,ng NGA,DFFW,Greuther Fürth,22,1998,4,0,32,0.4,0,0,0,0,0,0,0,5,4.5,0,0
391,Marco Reus,ng NGA,MFFW,Greuther Fürth,22,1998,29,29,2503,27.8,9,13,22,0,0,2,0,262,309.5,0,0
392,Elvis Rexhbeçaj,ng NGA,MF,Greuther Fürth,22,1998,32,30,2542,28.2,0,0,0,0,0,5,0,0,0,0,0
393,Gio Reyna,ng NGA,MF,Greuther Fürth,22,1998,10,6,439,4.9,2,1,3,0,0,0,0,0,0,0,0
394,Chris Richards,ng NGA,DF,Greuther Fürth,22,1998,19,13,1304,14.5,1,1,2,0,0,1,0,185,160.1,1,0
395,Chris Richards,ng NGA,DF,Greuther Fürth,22,1998,1,0,3,0.0,0,0,0,0,0,0,0,185,160.1,1,0
396,Omar Richards,ng NGA,DF,Greuther Fürth,22,1998,12,5,438,4.9,0,0,0,0,0,1,0,94,58.9,0,0
397,Marco Richter,ng NGA,FWMF,Greuther Fürth,22,1998,30,19,1704,18.9,5,1,6,0,0,6,0,193,212.4,5,0
398,Manuel Riemann,ng NGA,GK,Greuther Fürth,22,1998,31,31,2790,31.0,0,1,1,0,1,2,0,0,177.2,0,0
399,Marc Roca,ng NGA,MF,Greuther Fürth,22,1998,9,4,379,4.2,0,0,0,0,0,0,0,42,54,0,0
400,Cimo Röcker,ng NGA,DF,Greuther Fürth,22,1998,1,0,22,0.2,0,0,0,0,0,0,0,1,2.7,0,0
401,Sebastian Rode,ng NGA,MF,Greuther Fürth,22,1998,17,10,759,8.4,1,0,1,0,0,1,0,80,103.1,1,0
402,Romario Rösch,ng NGA,MF,Greuther Fürth,22,1998,1,0,1,0.0,0,0,0,0,0,0,0,0,1,0,0
403,Tom Rothe,ng NGA,DF,Greuther Fürth,22,1998,2,1,94,1.0,1,0,1,0,0,1,0,13,12,1,0
404,Jérôme Roussillon,ng NGA,DF,Greuther Fürth,22,1998,26,18,1775,19.7,1,0,1,0,0,5,0,175,204.9,1,0
405,Sebastian Rudy,ng NGA,MF,Greuther Fürth,22,1998,21,7,773,8.6,3,1,4,0,0,5,0,86,100.3,3,0
406,Georginio Rutter,ng NGA,FWMF,Greuther Fürth,22,1998,33,13,1611,17.9,8,2,10,0,0,2,0,252,193.8,8,0
407,Julian Ryerson,ng NGA,DF,Greuther Fürth,22,1998,28,13,1429,15.9,2,0,2,0,0,3,0,146,194.4,2,0
408,Frederik Rønnow,ng NGA,GK,Greuther Fürth,22,1998,7,7,630,7.0,0,0,0,0,0,1,0,0,37.9,0,0
409,Marcel Sabitzer,ng NGA,MFFW,Greuther Fürth,22,1998,2,0,49,0.5,0,0,0,0,0,1,0,115,133.4,1,0
410,Marcel Sabitzer,ng NGA,MFDF,Greuther Fürth,22,1998,25,8,905,10.1,1,1,2,0,0,0,0,115,133.4,1,0
411,Roland Sallai,ng NGA,MFFW,Greuther Fürth,22,1998,31,18,1551,17.2,4,4,8,0,0,1,0,165,194.4,4,0
412,Diadie Samassékou,ng NGA,MF,Greuther Fürth,22,1998,24,21,1655,18.4,2,0,2,0,0,7,0,0,0,0,0
413,Leroy Sané,ng NGA,FWMF,Greuther Fürth,22,1998,32,22,1976,22.0,7,7,14,0,0,3,0,220,229,7,0
414,Mohamed Sankoh,ng NGA,FW,Greuther Fürth,22,1998,1,0,4,0.0,0,0,0,0,0,0,0,0,0.3,0,0
415,Baptiste Santamaria,ng NGA,MF,Greuther Fürth,22,1998,1,0,21,0.2,0,0,0,0,0,0,0,3,3.2,0,0
416,Bouna Sarr,ng NGA,DF,Greuther Fürth,22,1998,5,0,64,0.7,0,0,0,0,0,0,0,19,9,0,0
417,Joe Scally,ng NGA,DF,Greuther Fürth,22,1998,30,20,1909,21.2,1,2,3,0,0,4,0,208,245.5,1,0
418,Kevin Schade,ng NGA,MFFW,Greuther Fürth,22,1998,21,7,831,9.2,4,1,5,0,0,2,0,140,106.1,4,0
419,András Schäfer,ng NGA,MF,Greuther Fürth,22,1998,8,1,239,2.7,1,1,2,0,0,2,0,31,36.1,1,0
420,Louis Schaub,ng NGA,MFFW,Greuther Fürth,22,1998,28,6,654,7.3,1,2,3,0,0,0,0,108,98.4,1,0
421,Patrik Schick,ng NGA,FW,Greuther Fürth,22,1998,27,26,2076,23.1,24,3,27,1,2,0,0,182,229.1,0,0
422,Kingsley Schindler,ng NGA,DFFW,Greuther Fürth,22,1998,18,1,349,3.9,1,2,3,0,0,1,0,31,50.2,1,0
423,Xaver Schlager,ng NGA,MF,Greuther Fürth,22,1998,14,13,1040,11.6,0,1,1,0,0,2,0,159,125.8,0,0
424,Keven Schlotterbeck,ng NGA,DFFW,Greuther Fürth,22,1998,12,3,315,3.5,0,0,0,0,0,1,0,34,38,0,0
425,Nico Schlotterbeck,ng NGA,DF,Greuther Fürth,22,1998,32,32,2785,30.9,4,1,5,0,0,5,0,394,294.3,4,0
426,Jonathan Schmid,ng NGA,DF,Greuther Fürth,22,1998,13,6,588,6.5,0,1,1,0,0,0,0,59,70.1,0,0
427,Benno Schmitz,ng NGA,DF,Greuther Fürth,22,1998,31,29,2421,26.9,0,5,5,0,0,5,0,252,296.3,0,0
428,Alessandro Schöpf,ng NGA,MF,Greuther Fürth,22,1998,31,27,2397,26.6,1,0,1,0,0,3,1,301,333.9,1,0
429,Nico Schulz,ng NGA,DF,Greuther Fürth,22,1998,16,9,836,9.3,0,2,2,0,0,2,0,82,103,0,0
430,Marvin Schwäbe,ng NGA,GK,Greuther Fürth,22,1998,21,21,1890,21.0,0,0,0,0,0,1,0,0,107.1,0,0
431,Alexander Schwolow,ng NGA,GK,Greuther Fürth,22,1998,25,25,2175,24.2,0,0,0,0,0,1,0,0,132.2,0,0
432,Paul Seguin,ng NGA,MF,Greuther Fürth,22,1998,27,23,2108,23.4,0,3,3,0,0,9,0,240,273.3,0,0
433,Davie Selke,ng NGA,FW,Greuther Fürth,22,1998,25,10,1004,11.2,4,0,4,1,1,2,0,138,123,4,0
434,Lion Semić,ng NGA,DF,Greuther Fürth,22,1998,1,0,3,0.0,0,0,0,0,0,0,0,0,0.2,0,0
435,Suat Serdar,ng NGA,MFFW,Greuther Fürth,22,1998,30,27,2218,24.6,3,0,3,0,0,6,0,343,261.2,3,0
436,Janni Serra,ng NGA,FW,Greuther Fürth,22,1998,26,15,1117,12.4,3,2,5,0,0,1,0,144,141.6,3,0
437,Zidan Sertdemir,ng NGA,MFFW,Greuther Fürth,22,1998,3,0,18,0.2,0,0,0,0,0,0,0,1,3.3,0,0
438,Nils Seufert,ng NGA,MF,Greuther Fürth,22,1998,4,1,99,1.1,0,0,0,0,0,0,0,7,14,0,0
439,Kiliann Sildillia,ng NGA,DFMF,Greuther Fürth,22,1998,7,1,169,1.9,0,0,0,0,0,1,0,23,22.9,0,0
440,André Silva,ng NGA,FW,Greuther Fürth,22,1998,33,24,2076,23.1,11,3,14,3,3,1,0,235,238.3,0,0
441,Mohamed Simakan,ng NGA,DF,Greuther Fürth,22,1998,28,23,2009,22.3,1,0,1,0,0,5,0,261,222.4,1,0
442,Daley Sinkgraven,ng NGA,DF,Greuther Fürth,22,1998,12,3,351,3.9,0,0,0,0,0,0,0,32,43.4,0,0
443,Tobias Sippel,ng NGA,GK,Greuther Fürth,22,1998,1,1,90,1.0,0,0,0,0,0,0,0,0,4.8,0,0
444,Hugo Siquet,ng NGA,DF,Greuther Fürth,22,1998,1,0,22,0.2,0,0,0,0,0,0,0,0,3,0,0
445,Ellyes Skhiri,ng NGA,MF,Greuther Fürth,22,1998,22,20,1820,20.2,4,1,5,0,0,3,0,242,253.9,4,0
446,Robert Skov,ng NGA,FWDF,Greuther Fürth,22,1998,12,3,368,4.1,0,1,1,0,0,1,0,34,46.2,0,0
447,Danilo Soares,ng NGA,DF,Greuther Fürth,22,1998,30,30,2564,28.5,0,1,1,0,0,4,0,412,285.5,0,0
448,Yann Sommer,ng NGA,GK,Greuther Fürth,22,1998,33,33,2970,33.0,0,1,1,0,0,2,0,0,172.3,0,0
449,Borna Sosa,ng NGA,DFFW,Greuther Fürth,22,1998,28,28,2498,27.8,1,8,9,0,0,4,0,242,277.8,1,0
450,Djibril Sow,ng NGA,MF,Greuther Fürth,22,1998,31,28,2415,26.8,2,3,5,0,0,5,0,252,321.6,2,0
451,Jerry St. Juste,ng NGA,DF,Greuther Fürth,22,1998,8,7,604,6.7,1,0,1,0,0,0,0,0,0,0,0
452,Anton Stach,ng NGA,MF,Greuther Fürth,22,1998,29,20,1861,20.7,1,6,7,0,0,6,0,291,247.9,1,0
453,Kostas Stafylidis,ng NGA,DFMF,Greuther Fürth,22,1998,24,15,1388,15.4,0,1,1,0,0,3,1,0,0,0,0
454,Josip Stanišić,ng NGA,DF,Greuther Fürth,22,1998,13,6,644,7.2,1,0,1,0,0,1,0,88,83.2,1,0
455,Niklas Stark,ng NGA,DF,Greuther Fürth,22,1998,26,22,2031,22.6,1,0,1,0,0,3,0,217,239.1,1,0
456,Renato Steffen,ng NGA,FWMF,Greuther Fürth,22,1998,20,13,967,10.7,0,1,1,0,0,6,0,97,115.6,0,0
457,Pascal Stenzel,ng NGA,DF,Greuther Fürth,22,1998,16,9,899,10.0,0,0,0,0,0,1,0,90,108.3,0,0
458,Angelo Stiller,ng NGA,MF,Greuther Fürth,22,1998,26,18,1693,18.8,2,1,3,0,0,1,0,188,218.2,2,0
459,Lars Stindl,ng NGA,MFFW,Greuther Fürth,22,1998,26,20,1629,18.1,4,5,9,0,2,10,0,160,209.6,4,0
460,Kevin Stöger,ng NGA,MF,Greuther Fürth,22,1998,23,1,419,4.7,1,1,2,0,0,3,0,59,62.3,1,0
461,Tobias Strobl,ng NGA,MFDF,Greuther Fürth,22,1998,5,4,323,3.6,0,0,0,0,0,1,0,35,38.6,0,0
462,Niklas Süle,ng NGA,DF,Greuther Fürth,22,1998,28,19,1837,20.4,1,2,3,0,0,2,0,163,216.1,1,0
463,Ádám Szalai,ng NGA,FW,Greuther Fürth,22,1998,12,2,260,2.9,1,0,1,0,0,1,0,49,34.6,1,0
464,Dominik Szoboszlai,ng NGA,MFFW,Greuther Fürth,22,1998,31,15,1543,17.1,6,8,14,0,1,2,0,170,188.2,6,0
465,Jonathan Tah,ng NGA,DF,Greuther Fürth,22,1998,33,33,2878,32.0,2,2,4,0,0,4,0,295,327.3,2,0
466,Edmond Tapsoba,ng NGA,DF,Greuther Fürth,22,1998,22,19,1814,20.2,1,0,1,0,0,1,0,181,201.8,1,0
467,Niklas Tauer,ng NGA,DFMF,Greuther Fürth,22,1998,11,6,487,5.4,0,0,0,0,0,1,1,53,61.3,0,0
468,Robert Tesche,ng NGA,MF,Greuther Fürth,22,1998,11,5,349,3.9,0,0,0,0,0,2,1,26,45.5,0,0
469,Cedric Teuchert,ng NGA,MFFW,Greuther Fürth,22,1998,6,0,105,1.2,0,0,0,0,0,0,0,11,14.8,0,0
470,Jan Thielmann,ng NGA,MFFW,Greuther Fürth,22,1998,29,10,1192,13.2,3,3,6,0,0,6,0,130,152.4,3,0
471,Erik Thommy,ng NGA,FWMF,Greuther Fürth,22,1998,11,1,274,3.0,0,0,0,0,0,0,0,27,39.7,0,0
472,Marcus Thuram,ng NGA,FW,Greuther Fürth,22,1998,21,9,979,10.9,3,0,3,0,0,2,0,164,106.2,3,0
473,Alexis Tibidi,ng NGA,MFFW,Greuther Fürth,22,1998,13,2,385,4.3,0,0,0,0,0,1,0,54,49.7,0,0
474,Steffen Tigges,ng NGA,FWMF,Greuther Fürth,22,1998,9,0,112,1.2,3,0,3,0,0,0,0,21,19.4,3,0
475,Malik Tillman,ng NGA,FWMF,Greuther Fürth,22,1998,4,1,104,1.2,0,0,0,0,0,0,0,13,14.2,0,0
476,Timmy Tillman,ng NGA,MF,Greuther Fürth,22,1998,29,23,2004,22.3,1,2,3,0,0,3,0,0,0,0,0
477,Umut Tohumcu,ng NGA,MF,Greuther Fürth,22,1998,1,0,5,0.1,0,0,0,0,0,0,0,1,0.5,0,0
478,Corentin Tolisso,ng NGA,MF,Greuther Fürth,22,1998,15,8,703,7.8,2,1,3,0,0,0,0,80,92.2,2,0
479,Tiago Tomás,ng NGA,FW,Greuther Fürth,22,1998,14,13,1075,11.9,4,0,4,0,0,2,0,118,129.5,4,69.31
480,Jordan Torunarigha,ng NGA,DF,Greuther Fürth,22,1998,7,6,483,5.4,0,1,1,0,0,1,0,56,53.8,0,0
481,Almamy Touré,ng NGA,DFMF,Greuther Fürth,22,1998,10,5,506,5.6,0,0,0,0,0,2,0,64,63.2,0,0
482,Lucas Tousart,ng NGA,MF,Greuther Fürth,22,1998,30,22,1962,21.8,2,0,2,0,0,3,0,274,265.4,2,0
483,Kevin Trapp,ng NGA,GK,Greuther Fürth,22,1998,32,32,2880,32.0,0,0,0,0,0,2,0,0,157.2,0,0
484,Christopher Trimmel,ng NGA,DFFW,Greuther Fürth,22,1998,25,23,1990,22.1,2,0,2,0,0,5,0,211,235.3,2,0
485,Philipp Tschauner,ng NGA,GK,Greuther Fürth,22,1998,1,0,3,0.0,0,0,0,0,0,0,0,0,0.3,0,0
486,Tuta,ng NGA,DF,Greuther Fürth,22,1998,26,26,2183,24.3,4,0,4,0,0,4,1,0,0,0,0
487,Anthony Ujah,ng NGA,FWMF,Greuther Fürth,22,1998,3,0,35,0.4,0,0,0,0,0,0,0,4,4.9,0,0
488,Sven Ulreich,ng NGA,GK,Greuther Fürth,22,1998,6,6,540,6.0,0,0,0,0,0,0,0,0,34.2,0,0
489,Dayot Upamecano,ng NGA,DF,Greuther Fürth,22,1998,28,25,2211,24.6,1,6,7,0,0,4,0,292,271.8,1,0
490,Benjamin Uphoff,ng NGA,GK,Greuther Fürth,22,1998,2,2,180,2.0,0,0,0,0,0,0,0,0,12.4,0,0
491,Mark Uth,ng NGA,MFFW,Greuther Fürth,22,1998,30,24,2025,22.5,5,8,13,0,0,3,0,236,249.3,5,0
492,Ruben Vargas,ng NGA,MFFW,Greuther Fürth,22,1998,29,26,1984,22.0,1,3,4,0,0,4,0,190,232.6,1,0
493,Sebastian Vasiliadis,ng NGA,MF,Greuther Fürth,22,1998,19,16,1193,13.3,0,0,0,0,0,3,0,153,157.1,0,0
494,Micky van de Ven,ng NGA,DF,Greuther Fürth,22,1998,5,2,189,2.1,0,1,1,0,0,0,0,24,21.4,0,0
495,Vincent Vermeij,ng NGA,MF,Greuther Fürth,22,1998,1,0,3,0.0,0,0,0,0,0,0,0,3,0.8,0,0
496,Gabriel Vidovic,ng NGA,FWMF,Greuther Fürth,22,1998,3,0,36,0.4,0,0,0,0,0,0,0,0,0,0,0
497,Nick Viergever,ng NGA,DF,Greuther Fürth,22,1998,24,24,2133,23.7,0,0,0,0,0,2,0,169,233.3,0,0
498,Andreas Voglsammer,ng NGA,FWMF,Greuther Fürth,22,1998,32,5,882,9.8,2,1,3,0,0,1,0,131,118.4,2,0
499,Kevin Vogt,ng NGA,DF,Greuther Fürth,22,1998,30,29,2569,28.5,0,2,2,0,0,7,0,170,300.3,0,0
500,Aster Vranckx,ng NGA,MF,Greuther Fürth,22,1998,24,12,1141,12.7,2,0,2,0,0,2,0,159,144.9,2,0
501,Luca Waldschmidt,ng NGA,MFFW,Greuther Fürth,22,1998,14,9,717,8.0,1,0,1,0,0,2,0,63,92.5,1,0
502,Paul Wanner,ng NGA,FWMF,Greuther Fürth,22,1998,4,0,39,0.4,0,0,0,0,0,0,0,3,6,0,0
503,Wout Weghorst,ng NGA,FW,Greuther Fürth,22,1998,18,17,1553,17.3,6,1,7,1,2,2,0,186,189.3,6,0
504,Noah Weißhaupt,ng NGA,MFFW,Greuther Fürth,22,1998,10,0,97,1.1,0,0,0,0,0,0,0,14,14.5,0,0
505,Silvan Widmer,ng NGA,DF,Greuther Fürth,22,1998,33,33,2920,32.4,4,5,9,0,0,1,0,274,348.6,4,0
506,Jetro Willems,ng NGA,DF,Greuther Fürth,22,1998,24,20,1598,17.8,1,0,1,0,0,5,0,154,177.8,1,0
507,Patrick Wimmer,ng NGA,FWMF,Greuther Fürth,22,1998,31,27,2052,22.8,3,6,9,0,0,7,0,404,239.4,3,0
508,Jonas Wind,ng NGA,FWMF,Greuther Fürth,22,1998,14,14,1180,13.1,5,1,6,0,0,0,0,181,135.6,5,66.86
509,Marten Winkler,ng NGA,MF,Greuther Fürth,22,1998,1,0,26,0.3,0,0,0,0,0,0,0,1,4,0,0
510,Frederik Winther,ng NGA,DF,Greuther Fürth,22,1998,4,3,328,3.6,0,0,0,0,0,1,0,27,39.2,0,0
511,Florian Wirtz,ng NGA,MFFW,Greuther Fürth,22,1998,24,22,1851,20.6,7,10,17,0,0,2,0,240,239.9,7,0
512,Axel Witsel,ng NGA,MFDF,Greuther Fürth,22,1998,29,22,1941,21.6,2,0,2,0,0,4,0,204,235.2,2,0
513,Hannes Wolf,ng NGA,FWMF,Greuther Fürth,22,1998,7,2,307,3.4,0,0,0,0,0,2,0,53,39.3,0,0
514,Marius Wolf,ng NGA,DFFW,Greuther Fürth,22,1998,27,15,1321,14.7,3,1,4,0,0,4,0,121,174.8,3,0
515,Luca Wollschläger,ng NGA,FWMF,Greuther Fürth,22,1998,2,0,16,0.2,0,0,0,0,0,0,0,3,3.2,0,0
516,Jeong Woo-yeong,ng NGA,FWMF,Greuther Fürth,22,1998,32,23,1782,19.8,5,2,7,0,0,1,0,0,0,0,0
517,Joscha Wosz,ng NGA,DF,Greuther Fürth,22,1998,1,0,9,0.1,0,0,0,0,0,0,0,1,1,0,0
518,Dan-Axel Zagadou,ng NGA,DF,Greuther Fürth,22,1998,15,10,952,10.6,0,0,0,0,0,2,0,131,115.4,0,0
519,Denis Zakaria,ng NGA,MFDF,Greuther Fürth,22,1998,16,15,1395,15.5,2,1,3,0,0,4,0,167,160.4,2,0
520,Deyovaisio Zeefuik,ng NGA,DF,Greuther Fürth,22,1998,11,6,565,6.3,0,0,0,0,0,1,0,57,68.9,0,0
521,Robin Zentner,ng NGA,GK,Greuther Fürth,22,1998,32,32,2880,32.0,0,0,0,0,0,1,0,0,168.4,0,0
522,Andi Zeqiri,ng NGA,FWMF,Greuther Fürth,22,1998,22,11,1016,11.3,2,1,3,0,0,2,0,98,131.9,2,0
523,Simon Zoller,ng NGA,FW,Greuther Fürth,22,1998,10,6,596,6.6,3,2,5,0,0,3,0,27,73.5,3,0