1,Brenden Aaronson,us USA,MFFW,Union Berlin,23-197,2000,28,12,1135,12.6,2,1,3,0,0,3,1,178,168.6,2,0
2,Paxten Aaronson,us USA,MF,Union Berlin,23-197,2000,7,1,101,1.1,0,1,1,0,0,0,0,18,17.9,0,0
3,Junior Adamu,us USA,FWMF,Union Berlin,23-197,2000,15,0,105,1.2,0,0,0,0,0,0,0,12,20.4,0,0
4,Sargis Adamyan,us USA,FWMF,Union Berlin,23-197,2000,19,7,756,8.4,1,2,3,0,0,2,0,95,96.9,1,0
5,Karim Adeyemi,us USA,FWMF,Union Berlin,23-197,2000,20,9,853,9.5,3,1,4,0,0,6,1,110,111.9,3,0
6,Amine Adli,us USA,MFFW,Union Berlin,23-197,2000,21,7,814,9.0,3,5,8,0,0,5,0,105,108.8,3,0
7,Felix Agu,us USA,DFMF,Union Berlin,23-197,2000,22,17,1463,16.3,0,0,0,0,0,2,0,153,174.4,0,0
8,Ludovic Ajorque,us USA,FW,Union Berlin,23-197,2000,25,15,1342,14.9,2,0,2,0,2,4,0,188,165.2,2,0
9,Kevin Akpoguma,us USA,DF,Union Berlin,23-197,2000,15,9,917,10.2,0,0,0,0,0,7,0,116,111.6,0,0
10,Faride Alidou,us USA,FWMF,Union Berlin,23-197,2000,24,12,1163,12.9,4,0,4,0,0,4,0,134,146.2,4,0
11,Skelly Alvero,us USA,MF,Union Berlin,23-197,2000,6,1,123,1.4,1,0,1,0,0,1,0,27,18.5,1,0
12,Nadiem Amiri,us USA,MF,Union Berlin,23-197,2000,13,13,1136,12.6,1,3,4,0,1,5,0,144,154.7,1,0
13,Nadiem Amiri,us USA,MF,Union Berlin,23-197,2000,8,1,86,1.0,0,0,0,0,0,0,0,144,154.7,1,0
14,Kofi Amoako,us USA,MF,Union Berlin,23-197,2000,2,0,2,0.0,0,0,0,0,0,0,0,0,0.5,0,0
15,Robert Andrich,us USA,MFDF,Union Berlin,23-197,2000,26,16,1510,16.8,3,2,5,0,0,4,0,144,199.2,3,0
16,Waldemar Anton,us USA,DF,Union Berlin,23-197,2000,31,30,2706,30.1,0,3,3,0,0,6,0,263,334.6,0,90.24
17,Christopher Antwi-Adjei,us USA,FWMF,Union Berlin,23-197,2000,24,11,1202,13.4,1,2,3,0,0,5,0,107,143.9,1,0
18,Asaf Arania,us USA,MF,Union Berlin,23-197,2000,1,0,6,0.1,0,0,0,0,0,0,0,0,1.1,0,0
19,Maximilian Arnold,us USA,MF,Union Berlin,23-197,2000,28,25,2326,25.8,2,1,3,0,0,9,0,200,301.6,2,86.17
20,Arthur,us USA,DF,Union Berlin,23-197,2000,3,1,94,1.0,0,0,0,0,0,0,0,0,0,0,0
21,Takuma Asano,us USA,FWMF,Union Berlin,23-197,2000,27,25,1943,21.6,6,1,7,0,0,2,0,140,245.3,6,0
22,Noah Atubolu,us USA,GK,Union Berlin,23-197,2000,32,32,2880,32.0,0,0,0,0,0,0,0,0,184,0,0
23,Matthias Bader,us USA,DFMF,Union Berlin,23-197,2000,23,20,1712,19.0,1,2,3,0,0,1,0,198,211.8,1,0
24,Ridle Baku,us USA,DFMF,Union Berlin,23-197,2000,31,20,1860,20.7,1,0,1,0,0,4,0,199,224.6,1,0
25,Samuel Bamba,us USA,FW,Union Berlin,23-197,2000,2,0,47,0.5,0,0,0,0,0,0,0,7,6.4,0,0
26,Aymen Barkok,us USA,MFFW,Union Berlin,23-197,2000,13,1,321,3.6,1,0,1,0,1,2,0,46,49,1,0
27,Leandro Barreiro Martins,us USA,MF,Union Berlin,23-197,2000,29,27,2426,27.0,3,0,3,0,0,7,0,289,323.6,3,79.85
28,Daniel Batz,us USA,GK,Union Berlin,23-197,2000,4,4,360,4.0,0,0,0,0,0,0,0,0,22.5,0,0
29,Maximilian Bauer,us USA,DF,Union Berlin,23-197,2000,14,9,810,9.0,1,0,1,0,0,3,0,76,95.5,1,0
30,Elias Baum,us USA,DFMF,Union Berlin,23-197,2000,4,0,28,0.3,0,0,0,0,0,0,0,7,6.9,0,0
31,Oliver Baumann,us USA,GK,Union Berlin,23-197,2000,32,32,2880,32.0,0,1,1,0,0,1,0,0,176.1,0,0
32,Christoph Baumgartner,us USA,MFFW,Union Berlin,23-197,2000,30,10,1078,12.0,5,1,6,0,0,3,0,147,150.8,5,0
33,Ihlas Bebou,us USA,FWDF,Union Berlin,23-197,2000,30,14,1462,16.2,5,3,8,0,0,3,0,180,187.4,5,0
34,Adrian Beck,us USA,MFFW,Union Berlin,23-197,2000,22,11,972,10.8,1,1,2,0,0,1,0,115,143.9,1,0
35,Sheraldo Becker,us USA,FWMF,Union Berlin,23-197,2000,11,7,645,7.2,0,1,1,0,0,0,0,43,75.3,0,0
36,Chris Bedia,us USA,FWMF,Union Berlin,23-197,2000,6,0,108,1.2,1,0,1,0,0,0,0,9,14.3,1,0
37,Donny van de Beek,us USA,MFFW,Union Berlin,23-197,2000,8,4,357,4.0,0,0,0,0,0,1,0,39,49,0,0
38,Kevin Behrens,us USA,FW,Union Berlin,23-197,2000,12,7,601,6.7,1,1,2,0,0,1,0,261,237.5,5,0
39,Kevin Behrens,us USA,FW,Union Berlin,23-197,2000,18,14,1262,14.0,4,0,4,0,0,3,0,261,237.5,5,0
40,Maximilian Beier,us USA,FW,Union Berlin,23-197,2000,31,27,2260,25.1,13,1,14,0,0,0,0,182,281.1,0,73.26
41,Stefan Bell,us USA,DF,Union Berlin,23-197,2000,10,8,666,7.4,0,0,0,0,0,3,0,70,75.7,0,0
42,Ramy Bensebaini,us USA,DF,Union Berlin,23-197,2000,17,11,1033,11.5,0,0,0,0,0,4,1,163,123.5,0,0
43,Mergim Berisha,us USA,FW,Union Berlin,23-197,2000,6,0,144,1.6,0,0,0,0,0,0,0,0,0,0,0
44,Mergim Berisha,us USA,FW,Union Berlin,23-197,2000,2,2,122,1.4,0,0,0,0,0,0,0,0,0,0,0
45,Bernardo,us USA,DF,Union Berlin,23-197,2000,31,31,2789,31.0,1,0,1,0,0,9,0,0,0,0,0
46,Matúš Bero,us USA,MFFW,Union Berlin,23-197,2000,22,20,1586,17.6,1,1,2,0,0,6,0,137,208.5,1,0
47,Jan-Niklas Beste,us USA,FWMF,Union Berlin,23-197,2000,29,29,2429,27.0,7,10,17,0,1,4,0,218,282.4,7,68.73
48,Pep Biel,us USA,MFFW,Union Berlin,23-197,2000,10,0,268,3.0,0,0,0,0,0,1,0,24,39.7,0,0
49,Tom Bischof,us USA,MFFW,Union Berlin,23-197,2000,12,1,168,1.9,0,1,1,0,0,0,0,23,30.5,0,0
50,Leonardo Bittencourt,us USA,MF,Union Berlin,23-197,2000,27,17,1419,15.8,1,2,3,0,0,9,0,156,182.5,1,0
51,Hendry Blank,us USA,DF,Union Berlin,23-197,2000,1,0,45,0.5,0,0,0,0,0,0,0,5,5,0,0
52,Janis Blaswich,us USA,GK,Union Berlin,23-197,2000,20,20,1800,20.0,0,0,0,0,0,0,0,0,122.9,0,0
53,Sacha Boey,us USA,DF,Union Berlin,23-197,2000,2,1,109,1.2,0,0,0,0,0,1,0,12,13.7,0,0
54,Victor Boniface,us USA,FW,Union Berlin,23-197,2000,21,16,1416,15.7,12,8,20,3,3,2,0,161,154.1,0,0
55,Leonardo Bonucci,us USA,DF,Union Berlin,23-197,2000,7,6,460,5.1,1,0,1,1,1,0,0,26,51.7,1,0
56,Yvandro Borges Sanches,us USA,MFFW,Union Berlin,23-197,2000,3,0,18,0.2,0,0,0,0,0,0,0,5,3.5,0,0
57,Sebastiaan Bornauw,us USA,DF,Union Berlin,23-197,2000,18,14,1251,13.9,0,0,0,0,0,5,0,99,137.8,0,0
58,Rafael Borré,us USA,FW,Union Berlin,23-197,2000,19,11,991,11.0,4,0,4,0,0,0,0,95,126.9,4,0
59,Julian Brandt,us USA,MFFW,Union Berlin,23-197,2000,30,26,2148,23.9,6,11,17,0,0,2,0,160,282.4,6,87.61
60,Fabian Bredlow,us USA,GK,Union Berlin,23-197,2000,4,4,360,4.0,0,0,0,0,0,0,0,0,25,0,0
61,Tim Breithaupt,us USA,MF,Union Berlin,23-197,2000,14,4,515,5.7,0,0,0,0,0,3,0,50,74,0,0
62,Maximilian Breunig,us USA,FW,Union Berlin,23-197,2000,2,0,9,0.1,0,0,0,0,0,0,0,2,2.5,0,0
63,John Brooks,us USA,DF,Union Berlin,23-197,2000,21,18,1539,17.1,2,0,2,0,0,6,1,0,0,0,0
64,Moritz Broschinski,us USA,FW,Union Berlin,23-197,2000,25,13,1181,13.1,2,3,5,0,0,4,0,132,141.1,2,0
65,Alexander Brunst,us USA,GK,Union Berlin,23-197,2000,2,2,180,2.0,0,0,0,0,0,2,0,0,13.8,0,0
66,Marius Bülter,us USA,DFFW,Union Berlin,23-197,2000,28,13,1220,13.6,1,4,5,0,0,3,1,132,160.7,1,0
67,Jonathan Burkardt,us USA,FWMF,Union Berlin,23-197,2000,19,16,1359,15.1,7,2,9,1,1,2,0,164,175.6,7,0
68,Oliver Burke,us USA,FW,Union Berlin,23-197,2000,1,0,32,0.4,0,0,0,0,0,0,0,2,4,0,0
69,Marnon Busch,us USA,DF,Union Berlin,23-197,2000,16,5,595,6.6,0,0,0,0,0,1,0,55,72.7,0,0
70,Aurélio Buta,us USA,DFMF,Union Berlin,23-197,2000,28,19,1638,18.2,1,1,2,0,0,5,0,194,202.2,1,0
71,Jamie Bynoe-Gittens,us USA,FWMF,Union Berlin,23-197,2000,23,13,965,10.7,1,4,5,0,0,1,0,133,122.6,1,0
72,Anthony Caci,us USA,DF,Union Berlin,23-197,2000,29,28,2393,26.6,2,3,5,0,0,8,0,208,297.9,2,80.07
73,Emre Can,us USA,MFDF,Union Berlin,23-197,2000,24,21,1863,20.7,2,2,4,2,2,5,0,241,228.2,2,0
74,Irvin Cardona,us USA,MFDF,Union Berlin,23-197,2000,3,0,54,0.6,0,0,0,0,0,1,0,2,8,0,0
75,Rasmus Carstensen,us USA,DFFW,Union Berlin,23-197,2000,22,18,1623,18.0,0,0,0,0,0,2,1,162,209.7,0,0
76,Fabio Carvalho,us USA,MF,Union Berlin,23-197,2000,9,1,165,1.8,0,0,0,0,0,0,0,0,0,0,0
77,Koen Casteels,us USA,GK,Union Berlin,23-197,2000,23,23,2070,23.0,0,0,0,0,0,2,0,0,132.4,0,0
78,Václav Černý,us USA,FWMF,Union Berlin,23-197,2000,20,12,894,9.9,4,1,5,0,0,2,0,57,125,4,0
79,Julian Chabot,us USA,DF,Union Berlin,23-197,2000,30,30,2523,28.0,0,0,0,0,0,9,1,0,0,0,0
80,El Chadaille Bitshiabu,us USA,DFMF,Union Berlin,23-197,2000,4,0,19,0.2,0,0,0,0,0,0,0,1,4.4,0,0
81,Fares Chaïbi,us USA,MFFW,Union Berlin,23-197,2000,26,19,1748,19.4,2,4,6,0,0,2,0,0,0,0,0
82,Timothy Chandler,us USA,MFDF,Union Berlin,23-197,2000,6,0,18,0.2,0,1,1,0,0,0,0,3,6.9,0,0
83,Fabio Chiarodia,us USA,DF,Union Berlin,23-197,2000,6,1,141,1.6,0,0,0,0,0,0,0,13,17.9,0,0
84,Jacob Christensen,us USA,MF,Union Berlin,23-197,2000,7,2,219,2.4,0,0,0,0,0,1,0,27,32.2,0,0
85,Nnamdi Collins,us USA,DF,Union Berlin,23-197,2000,2,1,90,1.0,0,0,0,0,0,0,0,5,10.8,0,0
86,Kingsley Coman,us USA,FW,Union Berlin,23-197,2000,17,15,1113,12.4,3,3,6,0,0,1,0,139,130.4,3,0
87,Bambasé Conté,us USA,MFFW,Union Berlin,23-197,2000,7,0,48,0.5,0,0,0,0,0,0,0,16,11.5,0,0
88,Danny da Costa,us USA,DF,Union Berlin,23-197,2000,18,9,816,9.1,0,1,1,0,0,1,0,90,99.8,0,0
89,Nicolas Cozza,us USA,DF,Union Berlin,23-197,2000,6,3,276,3.1,0,0,0,0,0,1,0,21,35.2,0,0
90,Tomáš Čvančara,us USA,FW,Union Berlin,23-197,2000,19,7,837,9.3,4,1,5,1,2,4,0,65,110.8,4,0
91,Finn Dahmen,us USA,GK,Union Berlin,23-197,2000,31,31,2790,31.0,0,0,0,0,0,4,0,0,196.3,0,0
92,Mahmoud Dahoud,us USA,MF,Union Berlin,23-197,2000,13,1,227,2.5,1,0,1,0,0,0,0,24,37.5,1,0
93,Lukas Daschner,us USA,MFFW,Union Berlin,23-197,2000,19,3,506,5.6,1,1,2,0,0,2,0,63,71.1,1,0
94,David Datro Fofana,us USA,FWMF,Union Berlin,23-197,2000,12,8,682,7.6,1,0,1,0,0,0,0,94,82.3,1,0
95,Alphonso Davies,us USA,DF,Union Berlin,23-197,2000,27,22,1885,20.9,1,4,5,0,0,0,0,231,226.4,1,0
96,Olivier Deman,us USA,DF,Union Berlin,23-197,2000,27,14,1336,14.8,2,1,3,0,0,5,0,144,188,2,0
97,Ermedin Demirović,us USA,FWMF,Union Berlin,23-197,2000,31,31,2694,29.9,15,9,24,3,4,6,0,263,320.9,0,70.44
98,Sepp van den Berg,us USA,DF,Union Berlin,23-197,2000,31,29,2659,29.5,2,0,2,0,0,9,0,356,304.9,2,87.54
99,Samuele Di Benedetto,us USA,MF,Union Berlin,23-197,2000,1,0,7,0.1,0,0,0,0,0,0,0,5,1.4,0,0
100,Justin Diehl,us USA,FWMF,Union Berlin,23-197,2000,7,1,168,1.9,0,0,0,0,0,0,0,16,22.7,0,0
101,Eric Dier,us USA,DF,Union Berlin,23-197,2000,14,12,1076,12.0,0,0,0,0,0,1,0,95,111.3,0,0
102,Florian Dietz,us USA,FWDF,Union Berlin,23-197,2000,4,0,55,0.6,0,0,0,0,0,0,0,5,9.3,0,0
103,Junior Dina Ebimbe,us USA,MFDF,Union Berlin,23-197,2000,29,24,1882,20.9,4,3,7,0,0,5,0,0,0,0,0
104,Eren Dinkçi,us USA,FWMF,Union Berlin,23-197,2000,31,31,2507,27.9,8,4,12,0,0,8,0,214,306.8,8,66.47
105,Ritsu Doan,us USA,MFDF,Union Berlin,23-197,2000,28,24,2066,23.0,5,2,7,0,0,1,0,0,0,0,0
106,Danilho Doekhi,us USA,DF,Union Berlin,23-197,2000,22,22,1980,22.0,2,0,2,0,0,2,0,219,230.6,2,85.24
107,Niklas Dorsch,us USA,MF,Union Berlin,23-197,2000,19,14,1222,13.6,0,0,0,0,0,5,0,119,154.1,0,0
108,Nikola Dovedan,us USA,MF,Union Berlin,23-197,2000,20,5,630,7.0,3,1,4,0,0,0,1,79,89.6,3,0
109,Damion Downs,us USA,FWMF,Union Berlin,23-197,2000,8,0,120,1.3,1,0,1,0,0,0,0,8,18.9,1,0
110,Dion Drena Beljo,us USA,FWMF,Union Berlin,23-197,2000,24,3,574,6.4,2,0,2,0,0,2,0,0,0,0,0
111,Tim Drexler,us USA,DF,Union Berlin,23-197,2000,7,6,528,5.9,0,0,0,0,0,1,0,49,65,0,0
112,Marvin Ducksch,us USA,FW,Union Berlin,23-197,2000,31,30,2519,28.0,12,7,19,5,6,9,0,105,286.5,0,67.64
113,Julien Duranville,us USA,FWMF,Union Berlin,23-197,2000,2,0,12,0.1,0,0,0,0,0,0,0,4,2.5,0,0
114,Maximilian Eggestein,us USA,MF,Union Berlin,23-197,2000,31,31,2734,30.4,1,2,3,0,0,5,0,245,341.1,1,84.41
115,Lilian Egloff,us USA,MFDF,Union Berlin,23-197,2000,5,1,106,1.2,0,0,0,0,0,1,0,12,14.7,0,0
116,Hugo Ekitike,us USA,FW,Union Berlin,23-197,2000,12,5,538,6.0,3,1,4,0,0,3,0,0,0,0,0
117,Elif Elmas,us USA,MFFW,Union Berlin,23-197,2000,12,1,166,1.8,0,0,0,0,0,0,0,0,0,0,0
118,Nico Elvedi,us USA,DF,Union Berlin,23-197,2000,29,27,2398,26.6,2,1,3,0,0,5,0,263,267.1,2,0
119,Arne Engels,us USA,MFDF,Union Berlin,23-197,2000,30,13,1339,14.9,3,2,5,0,0,1,1,120,181.9,3,0
120,Ohis Felix Uduokhai,us USA,DF,Union Berlin,23-197,2000,31,31,2741,30.5,2,0,2,0,0,4,1,296,321.9,2,85.26
121,Edimilson Fernandes,us USA,DF,Union Berlin,23-197,2000,20,13,1275,14.2,0,2,2,0,0,4,0,111,150.9,0,0
122,Nacho Ferri,us USA,FWMF,Union Berlin,23-197,2000,7,0,73,0.8,1,0,1,0,0,0,0,17,12.5,1,0
123,Max Finkgräfe,us USA,DF,Union Berlin,23-197,2000,23,17,1666,18.5,1,0,1,0,0,4,0,224,201.1,1,0
124,Kilian Fischer,us USA,DF,Union Berlin,23-197,2000,5,3,201,2.2,0,0,0,0,0,1,0,15,26.3,0,0
125,Jonas Föhrenbach,us USA,DF,Union Berlin,23-197,2000,31,30,2633,29.3,0,0,0,0,0,2,0,204,320.8,0,76.98
126,Emil Forsberg,us USA,MFFW,Union Berlin,23-197,2000,14,5,464,5.2,2,1,3,0,1,0,0,37,62.2,2,0
127,Philipp Förster,us USA,MFFW,Union Berlin,23-197,2000,13,3,385,4.3,0,0,0,0,0,1,0,41,55.4,0,0
128,Bartol Franjić,us USA,MF,Union Berlin,23-197,2000,20,14,1229,13.7,0,1,1,0,0,5,0,95,152.3,0,0
129,Marco Friedl,us USA,DF,Union Berlin,23-197,2000,23,23,2017,22.4,0,0,0,0,0,6,0,177,222,0,89.18
130,Marvin Friedrich,us USA,DF,Union Berlin,23-197,2000,22,15,1386,15.4,0,0,0,0,0,0,0,109,158.7,0,0
131,Jeremie Frimpong,us USA,DF,Union Berlin,23-197,2000,30,26,2170,24.1,9,7,16,0,0,6,0,219,246.8,0,80.95
132,Chris Führich,us USA,FWMF,Union Berlin,23-197,2000,32,31,2441,27.1,8,7,15,0,1,2,0,229,281.3,8,85.53
133,Shiō Fukuda,us USA,MFFW,Union Berlin,23-197,2000,4,0,25,0.3,0,0,0,0,0,0,0,0,0,0,0
134,Niclas Füllkrug,us USA,FW,Union Berlin,23-197,2000,2,2,180,2.0,0,0,0,0,0,0,0,236,278.1,0,71.15
135,Niclas Füllkrug,us USA,FW,Union Berlin,23-197,2000,28,26,2152,23.9,12,8,20,3,3,1,0,236,278.1,0,71.15
136,Cristian Gamboa,us USA,DF,Union Berlin,23-197,2000,21,12,1173,13.0,0,1,1,0,0,6,0,81,141.5,0,0
137,Dennis Geiger,us USA,MF,Union Berlin,23-197,2000,3,0,64,0.7,0,0,0,0,0,1,0,9,9,0,0
138,Yannick Gerhardt,us USA,MFDF,Union Berlin,23-197,2000,25,18,1630,18.1,2,1,3,0,0,5,0,133,214.3,2,0
139,Anwar El Ghazi,us USA,MFDF,Union Berlin,23-197,2000,3,0,54,0.6,0,1,1,0,0,0,0,7,8.1,0,0
140,Benedikt Gimber,us USA,DF,Union Berlin,23-197,2000,22,22,1841,20.5,1,1,2,0,0,9,0,194,204.6,1,0
141,Matthias Ginter,us USA,DF,Union Berlin,23-197,2000,23,22,1913,21.3,0,2,2,0,0,3,0,149,207.3,0,0
142,Klaus Gjasula,us USA,DFMF,Union Berlin,23-197,2000,20,16,1234,13.7,0,0,0,0,0,5,1,138,153.9,0,0
143,Serge Gnabry,us USA,FWMF,Union Berlin,23-197,2000,10,5,432,4.8,3,1,4,0,0,0,0,39,53.3,3,0
144,Leon Goretzka,us USA,MF,Union Berlin,23-197,2000,28,23,2078,23.1,5,7,12,0,0,3,0,205,248.9,5,0
145,Robin Gosens,us USA,DF,Union Berlin,23-197,2000,28,25,2103,23.4,6,3,9,0,0,8,1,251,283.5,6,77.29
146,Mario Götze,us USA,MF,Union Berlin,23-197,2000,28,21,1889,21.0,3,2,5,0,0,5,1,195,255.1,3,0
147,Jeffrey Gouweleeuw,us USA,DF,Union Berlin,23-197,2000,28,27,2413,26.8,1,0,1,0,0,6,0,208,270.7,1,80.27
148,Jens Grahl,us USA,GK,Union Berlin,23-197,2000,2,2,180,2.0,0,1,1,0,0,0,0,0,9.8,0,0
149,Ryan Gravenberch,us USA,FW,Union Berlin,23-197,2000,1,0,10,0.1,0,0,0,0,0,1,0,2,1.5,0,0
150,Michael Gregoritsch,us USA,FW,Union Berlin,23-197,2000,30,18,1574,17.5,7,4,11,0,0,2,0,180,179.6,7,0
151,Vincenzo Grifo,us USA,MFFW,Union Berlin,23-197,2000,30,27,2145,23.8,8,7,15,6,6,2,0,150,266.7,8,80.06
152,Florian Grillitsch,us USA,DFMF,Union Berlin,23-197,2000,28,23,2115,23.5,1,4,5,0,0,7,0,219,263.2,1,87.41
153,Álex Grimaldo,us USA,DF,Union Berlin,23-197,2000,31,30,2704,30.0,9,13,22,0,0,1,0,0,0,0,0
154,Christian Groß,us USA,DFMF,Union Berlin,23-197,2000,18,8,776,8.6,0,1,1,0,0,1,0,83,99.9,0,0
155,Brajan Gruda,us USA,MFFW,Union Berlin,23-197,2000,26,17,1469,16.3,3,2,5,0,0,5,0,225,190.7,3,0
156,Ilia Gruev,us USA,MF,Union Berlin,23-197,2000,1,0,4,0.0,0,0,0,0,0,0,0,0,1.3,0,0
157,Raphaël Guerreiro,us USA,DFMF,Union Berlin,23-197,2000,20,13,1191,13.2,3,0,3,0,0,2,0,84,151.8,3,0
158,Josuha Guilavogui,us USA,DF,Union Berlin,23-197,2000,10,5,408,4.5,0,1,1,0,0,1,0,60,47.1,0,0
159,Serhou Guirassy,us USA,FW,Union Berlin,23-197,2000,26,23,2034,22.6,25,2,27,4,4,0,0,254,228.8,0,84.21
160,Péter Gulácsi,us USA,GK,Union Berlin,23-197,2000,12,12,1080,12.0,0,0,0,0,0,0,0,0,67.7,0,0
161,Manuel Gulde,us USA,DF,Union Berlin,23-197,2000,26,22,1991,22.1,1,0,1,0,0,5,1,155,221.2,1,87.45
162,Robert Gumny,us USA,DF,Union Berlin,23-197,2000,13,6,481,5.3,0,0,0,0,0,3,0,45,61.2,0,0
163,Christian Günter,us USA,DF,Union Berlin,23-197,2000,13,11,925,10.3,1,1,2,0,0,1,0,49,97.3,1,0
164,Janik Haberer,us USA,MFDF,Union Berlin,23-197,2000,19,14,1148,12.8,0,1,1,0,0,6,0,117,157.1,0,0
165,Robin Hack,us USA,FWMF,Union Berlin,23-197,2000,28,13,1261,14.0,9,2,11,0,0,2,0,146,172.8,9,0
166,Amadou Haidara,us USA,MF,Union Berlin,23-197,2000,19,17,1358,15.1,2,1,3,0,0,5,0,165,171.4,2,0
167,Sébastien Haller,us USA,FW,Union Berlin,23-197,2000,14,5,396,4.4,0,1,1,0,0,2,0,53,51.6,0,0
168,Andreas Hanche-Olsen,us USA,DF,Union Berlin,23-197,2000,13,10,812,9.0,1,0,1,0,0,3,0,86,97.2,1,0
169,Isak Hansen-Aarøen,us USA,MF,Union Berlin,23-197,2000,2,0,26,0.3,0,0,0,0,0,1,0,0,0,0,0
170,Genki Haraguchi,us USA,MF,Union Berlin,23-197,2000,1,0,21,0.2,0,0,0,0,0,0,0,2,3.2,0,0
171,Makoto Hasebe,us USA,DFMF,Union Berlin,23-197,2000,7,2,217,2.4,0,0,0,0,0,1,0,19,28.4,0,0
172,Thorgan Hazard,us USA,DF,Union Berlin,23-197,2000,1,0,7,0.1,0,0,0,0,0,0,0,0,1.6,0,0
173,Dominique Heintz,us USA,DF,Union Berlin,23-197,2000,10,5,462,5.1,0,0,0,0,0,0,0,32,59.5,0,0
174,Benjamin Henrichs,us USA,DF,Union Berlin,23-197,2000,31,26,2347,26.1,1,5,6,0,0,3,0,263,264.3,1,79.91
175,Patrick Herrmann,us USA,DFFW,Union Berlin,23-197,2000,6,0,71,0.8,0,0,0,0,0,0,0,12,12.9,0,0
176,Piero Hincapié,us USA,DF,Union Berlin,23-197,2000,25,16,1463,16.3,1,2,3,0,0,2,0,0,0,0,0
177,Adam Hložek,us USA,MFFW,Union Berlin,23-197,2000,23,5,459,5.1,2,3,5,0,0,1,0,54,67.5,2,0
178,Nicolas Höfler,us USA,MF,Union Berlin,23-197,2000,26,24,2158,24.0,1,1,2,0,0,10,1,241,261.5,1,87.89
179,Jonas Hofmann,us USA,MF,Union Berlin,23-197,2000,30,25,2087,23.2,5,6,11,0,0,3,0,124,277.5,5,83.84
180,Philipp Hofmann,us USA,FW,Union Berlin,23-197,2000,27,16,1421,15.8,4,2,6,0,0,1,0,214,152.3,4,0
181,Lucas Höler,us USA,FWMF,Union Berlin,23-197,2000,31,25,2233,24.8,7,2,9,1,2,7,0,267,271.8,7,70.42
182,Fabian Holland,us USA,MFDF,Union Berlin,23-197,2000,23,23,1835,20.4,0,2,2,0,0,4,1,171,213.1,0,0
183,Benedict Hollerbach,us USA,FWMF,Union Berlin,23-197,2000,26,15,1217,13.5,4,0,4,0,0,2,0,203,177.9,4,0
184,Gerrit Holtmann,us USA,MFFW,Union Berlin,23-197,2000,9,2,357,4.0,0,0,0,0,0,1,0,46,43.4,0,0
185,Franck Honorat,us USA,FWDF,Union Berlin,23-197,2000,31,27,2288,25.4,3,9,12,0,0,1,0,156,285.7,3,75.29
186,Mathias Honsak,us USA,MFFW,Union Berlin,23-197,2000,21,9,951,10.6,1,1,2,0,0,1,0,88,120.5,1,0
187,Fraser Hornby,us USA,FWMF,Union Berlin,23-197,2000,7,1,217,2.4,0,0,0,0,0,1,0,18,29,0,0
188,Lukáš Hrádecký,us USA,GK,Union Berlin,23-197,2000,31,31,2790,31.0,0,0,0,0,0,2,0,0,156.4,0,0
189,Timo Hübers,us USA,DF,Union Berlin,23-197,2000,29,29,2598,28.9,0,0,0,0,0,5,0,300,298.5,0,88.01
190,Mats Hummels,us USA,DF,Union Berlin,23-197,2000,24,19,1491,16.6,3,0,3,0,0,4,1,182,167.4,3,0
191,Denis Huseinbasic,us USA,MF,Union Berlin,23-197,2000,25,17,1537,17.1,0,3,3,0,0,4,0,0,0,0,0
192,Iago,us USA,DFFW,Union Berlin,23-197,2000,21,16,1442,16.0,1,1,2,0,0,3,0,0,0,0,0
193,Borja Iglesias,us USA,FWDF,Union Berlin,23-197,2000,6,2,234,2.6,0,0,0,0,0,0,0,18,29.6,0,0
194,Joel Imasuen,us USA,FW,Union Berlin,23-197,2000,1,0,2,0.0,0,0,0,0,0,0,0,0,0.7,0,0
195,Thomas Isherwood,us USA,DF,Union Berlin,23-197,2000,11,8,612,6.8,0,0,0,0,0,1,0,37,74.2,0,0
196,Ko Itakura,us USA,DFMF,Union Berlin,23-197,2000,18,16,1416,15.7,3,0,3,0,0,8,0,131,154,3,0
197,Hiroki Ito,us USA,DF,Union Berlin,23-197,2000,24,23,2059,22.9,0,2,2,0,0,1,0,143,240.6,0,0
198,Lee Jae-sung,us USA,MFFW,Union Berlin,23-197,2000,27,22,1955,21.7,4,3,7,0,0,5,0,0,0,0,0
199,Paul Jaeckel,us USA,DF,Union Berlin,23-197,2000,5,2,227,2.5,0,0,0,0,0,0,0,20,26.9,0,0
200,Kristijan Jakić,us USA,MF,Union Berlin,23-197,2000,13,12,961,10.7,2,1,3,0,0,4,0,128,151.4,2,0
201,Kristijan Jakić,us USA,MFFW,Union Berlin,23-197,2000,4,1,200,2.2,0,0,0,0,0,1,0,128,151.4,2,0
202,Tony Jantschke,us USA,DFMF,Union Berlin,23-197,2000,3,0,21,0.2,0,0,0,0,0,0,0,10,4.3,0,0
203,Fredrik Jensen,us USA,MFFW,Union Berlin,23-197,2000,22,18,1338,14.9,2,4,6,0,0,1,0,106,176.9,2,0
204,Moritz Jenz,us USA,DF,Union Berlin,23-197,2000,21,20,1697,18.9,0,1,1,0,0,7,1,145,193.6,0,0
205,Anthony Jung,us USA,DFFW,Union Berlin,23-197,2000,29,28,2399,26.7,0,0,0,0,0,4,1,182,286.9,0,89.02
206,Josip Juranović,us USA,DF,Union Berlin,23-197,2000,19,13,1192,13.2,0,2,2,0,0,2,0,0,0,0,0
207,David Jurásek,us USA,DF,Union Berlin,23-197,2000,11,4,447,5.0,0,1,1,0,0,1,0,42,60,0,0
208,Julian Justvan,us USA,FWMF,Union Berlin,23-197,2000,4,0,49,0.5,0,0,0,0,0,0,0,87,122.9,2,0
209,Julian Justvan,us USA,MFFW,Union Berlin,23-197,2000,12,10,908,10.1,2,2,4,0,0,1,0,87,122.9,2,0
210,Ozan Kabak,us USA,DF,Union Berlin,23-197,2000,26,26,2147,23.9,3,0,3,0,0,11,1,249,248.5,3,89.1
211,Pavel Kadeřábek,us USA,DFFW,Union Berlin,23-197,2000,27,26,2232,24.8,2,3,5,0,0,7,0,190,281.9,2,72.66
212,Florian Kainz,us USA,MFFW,Union Berlin,23-197,2000,31,27,2062,22.9,4,4,8,4,4,3,0,165,257.2,4,75.89
213,Sasa Kalajdzic,us USA,FW,Union Berlin,23-197,2000,5,5,325,3.6,0,1,1,0,0,0,0,0,0,0,0
214,Jakub Kamiński,us USA,FWMF,Union Berlin,23-197,2000,15,3,338,3.8,0,1,1,0,0,0,0,0,0,0,0
215,Kevin Kampl,us USA,MF,Union Berlin,23-197,2000,24,14,1335,14.8,1,0,1,0,0,3,0,98,172.1,1,0
216,Harry Kane,us USA,FW,Union Berlin,23-197,2000,32,32,2839,31.5,36,8,44,5,5,2,0,221,316.3,0,74.38
217,Atakan Karazor,us USA,MF,Union Berlin,23-197,2000,31,30,2560,28.4,0,3,3,0,0,9,0,317,331.5,0,0
218,Emir Karic,us USA,DF,Union Berlin,23-197,2000,25,16,1613,17.9,0,0,0,0,0,4,0,162,207.3,0,0
219,Silas Katompa,us USA,FWMF,Union Berlin,23-197,2000,25,8,846,9.4,4,2,6,0,1,0,0,0,0,0,0
220,Mikkel Kaufmann,us USA,FW,Union Berlin,23-197,2000,18,4,486,5.4,1,0,1,0,0,0,0,78,65.7,1,0
221,Naby Keïta,us USA,MFDF,Union Berlin,23-197,2000,5,1,109,1.2,0,0,0,0,0,2,0,9,15.1,0,0
222,Yannik Keitel,us USA,DFMF,Union Berlin,23-197,2000,13,9,740,8.2,1,0,1,0,0,0,0,83,87.9,1,0
223,Thomas Keller,us USA,MFFW,Union Berlin,23-197,2000,2,0,2,0.0,0,0,0,0,0,0,0,0,1.5,0,0
224,Aljoscha Kemlein,us USA,MF,Union Berlin,23-197,2000,2,0,29,0.3,0,0,0,0,0,0,0,3,5.4,0,0
225,Tobias Kempe,us USA,MF,Union Berlin,23-197,2000,22,14,1250,13.9,3,2,5,3,3,1,0,102,162.1,3,0
226,Rani Khedira,us USA,MF,Union Berlin,23-197,2000,19,17,1298,14.4,0,0,0,0,0,4,1,145,158.8,0,0
227,Luca Kilian,us USA,DF,Union Berlin,23-197,2000,13,6,635,7.1,0,0,0,0,0,1,0,53,78,0,0
228,Joshua Kimmich,us USA,MFDF,Union Berlin,23-197,2000,26,25,1996,22.2,1,6,7,0,0,1,1,158,260.5,1,0
229,Christoph Klarer,us USA,DF,Union Berlin,23-197,2000,28,26,2174,24.2,2,2,4,0,0,8,0,173,248.6,2,89.15
230,Tim Kleindienst,us USA,FW,Union Berlin,23-197,2000,32,32,2779,30.9,12,3,15,2,2,5,0,0,0,0,61.74
231,Lukas Klostermann,us USA,DF,Union Berlin,23-197,2000,23,14,1270,14.1,1,0,1,0,0,3,0,97,154.2,1,0
232,Ansgar Knauff,us USA,MFFW,Union Berlin,23-197,2000,29,22,1929,21.4,7,1,8,0,0,6,1,233,239.7,7,0
233,Robin Knoche,us USA,DF,Union Berlin,23-197,2000,22,18,1737,19.3,0,0,0,0,1,0,0,151,209.9,0,0
234,Gregor Kobel,us USA,GK,Union Berlin,23-197,2000,26,26,2275,25.3,0,0,0,0,0,1,0,0,147.2,0,0
235,Robin Koch,us USA,DF,Union Berlin,23-197,2000,29,29,2558,28.4,2,0,2,0,0,9,0,229,305,2,0
236,Dominik Kohr,us USA,DFMF,Union Berlin,23-197,2000,29,25,2004,22.3,1,0,1,0,0,14,1,236,238,1,81.13
237,Randal Kolo Muani,us USA,FW,Union Berlin,23-197,2000,2,2,153,1.7,1,0,1,0,0,0,0,17,15,1,0
238,Mert Kömür,us USA,MFDF,Union Berlin,23-197,2000,3,0,45,0.5,0,0,0,0,0,0,0,7,7.1,0,0
239,Kouadio Koné,us USA,MF,Union Berlin,23-197,2000,20,16,1392,15.5,1,0,1,0,0,4,1,0,0,0,0
240,Odilon Kossonou,us USA,DF,Union Berlin,23-197,2000,20,19,1658,18.4,1,0,1,0,0,3,0,0,0,0,0
241,Tomáš Koubek,us USA,GK,Union Berlin,23-197,2000,1,1,90,1.0,0,0,0,0,0,0,0,0,4.4,0,0
242,Matej Kovar,us USA,GK,Union Berlin,23-197,2000,1,1,90,1.0,0,0,0,0,0,0,0,0,0,0,0
243,Dawid Kownacki,us USA,FWMF,Union Berlin,23-197,2000,20,3,359,4.0,0,0,0,0,0,0,0,49,51.7,0,0
244,Alex Král,us USA,MF,Union Berlin,23-197,2000,24,13,1370,15.2,0,0,0,0,0,2,0,113,187.6,0,0
245,Andrej Kramarić,us USA,MFFW,Union Berlin,23-197,2000,28,23,2019,22.4,12,3,15,5,5,3,0,128,270,0,84.19
246,Christoph Kramer,us USA,MF,Union Berlin,23-197,2000,14,1,249,2.8,0,0,0,0,0,4,0,46,41.5,0,0
247,Frans Krätzig,us USA,DF,Union Berlin,23-197,2000,4,0,56,0.6,0,0,0,0,0,0,0,7,8.2,0,0
248,Tom Krauß,us USA,MF,Union Berlin,23-197,2000,28,13,1342,14.9,1,2,3,0,0,5,0,166,172,1,0
249,Lukas Kübler,us USA,DF,Union Berlin,23-197,2000,24,20,1667,18.5,1,0,1,0,0,6,0,181,203.3,1,0
250,Christian Kühlwetter,us USA,MF,Union Berlin,23-197,2000,1,0,8,0.1,0,1,1,0,0,0,0,0,1.6,0,0
251,Moritz-Broni Kwarteng,us USA,FW,Union Berlin,23-197,2000,11,2,281,3.1,0,1,1,0,0,1,1,32,36.7,0,0
252,Maxence Lacroix,us USA,DF,Union Berlin,23-197,2000,26,25,2182,24.2,4,1,5,0,0,4,3,239,247.6,4,87.02
253,Aïssa Laïdouni,us USA,MF,Union Berlin,23-197,2000,22,10,1060,11.8,0,3,3,0,0,1,0,0,0,0,0
254,Konrad Laimer,us USA,DFMF,Union Berlin,23-197,2000,27,17,1665,18.5,0,3,3,0,0,3,0,220,202.8,0,0
255,Stefan Lainer,us USA,DFMF,Union Berlin,23-197,2000,14,7,661,7.3,0,1,1,0,0,2,0,73,85,0,0
256,Hugo Larsson,us USA,MF,Union Berlin,23-197,2000,27,21,1858,20.6,2,1,3,0,0,1,0,134,261.1,2,0
257,Diogo Leite,us USA,DF,Union Berlin,23-197,2000,30,29,2551,28.3,0,0,0,0,0,6,0,270,330.9,0,84.49
258,Maxim Leitsch,us USA,DF,Union Berlin,23-197,2000,7,4,379,4.2,0,0,0,0,0,0,0,33,45.6,0,0
259,Christopher Lenz,us USA,DFMF,Union Berlin,23-197,2000,4,0,36,0.4,0,0,0,0,0,0,0,10,8.3,0,0
260,Christopher Lenz,us USA,DF,Union Berlin,23-197,2000,1,0,10,0.1,0,0,0,0,0,0,0,10,8.3,0,0
261,Jamie Leweling,us USA,FWMF,Union Berlin,23-197,2000,32,15,1397,15.5,4,4,8,0,0,3,0,151,173.7,4,0
262,Philipp Lienhart,us USA,DF,Union Berlin,23-197,2000,15,14,1265,14.1,1,0,1,0,0,3,0,105,150.5,1,0
263,Matthijs de Ligt,us USA,DF,Union Berlin,23-197,2000,20,15,1284,14.3,2,0,2,0,0,5,0,112,151,2,0
264,Jesper Lindstrøm,us USA,FW,Union Berlin,23-197,2000,1,1,83,0.9,0,0,0,0,0,0,0,0,0,0,0
265,Dejan Ljubicic,us USA,MFFW,Union Berlin,23-197,2000,25,23,1958,21.8,0,2,2,0,0,6,0,160,266.3,0,83.09
266,Noah Loosli,us USA,DF,Union Berlin,23-197,2000,10,2,346,3.8,0,0,0,0,0,1,0,39,44.6,0,0
267,Anthony Losilla,us USA,MF,Union Berlin,23-197,2000,29,29,2440,27.1,1,2,3,0,0,10,0,296,315,1,78.57
268,Castello Lukeba,us USA,DF,Union Berlin,23-197,2000,30,22,2011,22.3,1,0,1,0,0,3,0,163,230.3,1,0
269,Andreas Luthe,us USA,GK,Union Berlin,23-197,2000,1,1,90,1.0,0,0,0,0,0,0,0,0,5.9,0,0
270,Senne Lynen,us USA,MF,Union Berlin,23-197,2000,30,18,1662,18.5,0,3,3,0,0,5,0,181,225.4,0,0
271,Ian Maatsen,us USA,DF,Union Berlin,23-197,2000,14,14,1129,12.5,1,2,3,0,0,5,0,100,140.2,1,0
272,Matej Maglica,us USA,DF,Union Berlin,23-197,2000,24,19,1518,16.9,1,0,1,0,0,7,2,161,174.1,1,0
273,Arne Maier,us USA,MF,Union Berlin,23-197,2000,20,9,855,9.5,2,3,5,0,0,0,0,64,117.2,2,0
274,Linton Maina,us USA,FWMF,Union Berlin,23-197,2000,29,20,1740,19.3,1,2,3,0,0,3,0,125,216.7,1,0
275,Patrick Mainka,us USA,DF,Union Berlin,23-197,2000,32,32,2880,32.0,2,0,2,0,0,1,0,356,347.8,2,87.94
276,Lovro Majer,us USA,MFFW,Union Berlin,23-197,2000,30,23,1926,21.4,5,5,10,2,2,3,0,226,276.2,5,0
277,Jordy Makengo,us USA,DF,Union Berlin,23-197,2000,18,9,902,10.0,0,0,0,0,0,0,0,93,116.1,0,0
278,Julián Malatini,us USA,DF,Union Berlin,23-197,2000,11,6,602,6.7,1,0,1,0,0,1,0,67,75.8,1,0
279,Donyell Malen,us USA,FWMF,Union Berlin,23-197,2000,25,20,1706,19.0,12,1,13,0,0,5,0,153,191.3,0,0
280,Lennard Maloney,us USA,MF,Union Berlin,23-197,2000,27,26,2169,24.1,1,1,2,0,0,1,0,223,307.7,1,80.38
281,David Mamutovic,us USA,FWDF,Union Berlin,23-197,2000,2,0,11,0.1,0,0,0,0,0,0,0,4,2.7,0,0
282,Braydon Manu,us USA,MF,Union Berlin,23-197,2000,4,3,171,1.9,0,0,0,0,0,1,0,10,21.9,0,0
283,Omar Marmoush,us USA,FWMF,Union Berlin,23-197,2000,27,25,2121,23.6,11,6,17,1,1,7,0,271,243.8,0,71.98
284,Eric Martel,us USA,MF,Union Berlin,23-197,2000,28,27,2322,25.8,1,1,2,0,0,5,0,322,313.5,1,87.37
285,Erhan Mašović,us USA,DFMF,Union Berlin,23-197,2000,28,24,2174,24.2,0,0,0,0,0,7,0,203,254,0,82.32
286,Roberto Massimo,us USA,FWDF,Union Berlin,23-197,2000,5,0,84,0.9,0,0,0,0,0,1,0,10,11.6,0,0
287,Jean Mattéo Bahoya,us USA,MFFW,Union Berlin,23-197,2000,8,1,177,2.0,0,0,0,0,0,0,0,0,0,0,0
288,Philipp Max,us USA,DF,Union Berlin,23-197,2000,23,17,1350,15.0,1,2,3,0,0,2,0,97,174.3,1,0
289,Eric Maxim Choupo-Moting,us USA,MFFW,Union Berlin,23-197,2000,27,7,717,8.0,2,2,4,0,0,1,0,113,88.6,2,0
290,Noussair Mazraoui,us USA,DF,Union Berlin,23-197,2000,19,15,1197,13.3,0,3,3,0,0,3,0,155,141,0,0
291,Kevin Mbabu,us USA,DF,Union Berlin,23-197,2000,24,21,1957,21.7,0,2,2,0,0,4,0,250,221,0,73.46
292,Noah Mbamba,us USA,MF,Union Berlin,23-197,2000,3,0,16,0.2,0,1,1,0,0,0,0,4,3,0,0
293,Nathanael Mbuku,us USA,FW,Union Berlin,23-197,2000,1,0,5,0.1,0,0,0,0,0,0,0,0,1.4,0,0
294,Marvin Mehlem,us USA,MF,Union Berlin,23-197,2000,18,17,1327,14.7,3,2,5,0,0,3,0,136,168,3,0
295,Thomas Meunier,us USA,DF,Union Berlin,23-197,2000,8,7,586,6.5,0,0,0,0,0,0,0,43,81.8,0,0
296,Alexander Meyer,us USA,GK,Union Berlin,23-197,2000,7,6,605,6.7,0,0,0,0,0,0,0,0,44.6,0,0
297,Sven Michel,us USA,FWMF,Union Berlin,23-197,2000,20,5,550,6.1,2,1,3,1,2,2,0,56,80.5,2,0
298,Enzo Millot,us USA,MF,Union Berlin,23-197,2000,29,25,2068,23.0,5,2,7,1,1,5,0,232,262.5,5,87.29
299,Jovan Milošević,us USA,FWMF,Union Berlin,23-197,2000,5,0,28,0.3,0,0,0,0,0,0,0,4,6,0,0
300,Kim Min-jae,us USA,DF,Union Berlin,23-197,2000,24,21,1896,21.1,1,1,2,0,0,3,0,0,0,0,0
301,Maximilian Mittelstädt,us USA,DF,Union Berlin,23-197,2000,29,21,1923,21.4,2,4,6,0,0,5,0,299,238.4,2,88.54
302,Marko Mladenović,us USA,MF,Union Berlin,23-197,2000,1,0,6,0.1,0,0,0,0,0,0,0,1,1.5,0,0
303,Max Moerstedt,us USA,FW,Union Berlin,23-197,2000,1,0,12,0.1,0,0,0,0,0,0,0,0,2.3,0,0
304,Mateu Morey,us USA,DF,Union Berlin,23-197,2000,2,1,65,0.7,0,0,0,0,0,0,0,0,0,0,0
305,Youssoufa Moukoko,us USA,FW,Union Berlin,23-197,2000,19,3,535,5.9,5,0,5,0,0,1,0,45,71.8,5,0
306,Andreas Müller,us USA,MF,Union Berlin,23-197,2000,10,2,331,3.7,0,0,0,0,0,3,0,30,48.2,0,0
307,Jannik Müller,us USA,DFMF,Union Berlin,23-197,2000,15,11,1044,11.6,0,0,0,0,0,4,0,100,120.4,0,0
308,Kevin Müller,us USA,GK,Union Berlin,23-197,2000,32,32,2880,32.0,0,0,0,0,0,1,0,0,176,0,0
309,Marcus Müller,us USA,MF,Union Berlin,23-197,2000,1,0,18,0.2,0,0,0,0,0,0,0,2,2.6,0,0
310,Thomas Müller,us USA,MFFW,Union Berlin,23-197,2000,29,18,1474,16.4,5,7,12,0,0,0,0,157,181,5,0
311,Jamal Musiala,us USA,MFFW,Union Berlin,23-197,2000,24,20,1755,19.5,10,5,15,0,0,2,0,296,202.7,0,0
312,Florent Muslija,us USA,MF,Union Berlin,23-197,2000,9,0,97,1.1,0,0,0,0,0,0,0,15,17.4,0,0
313,Phillipp Mwene,us USA,DF,Union Berlin,23-197,2000,22,22,1906,21.2,1,2,3,0,0,4,1,154,241.1,1,0
314,Joakim Mæhle,us USA,DF,Union Berlin,23-197,2000,29,26,2362,26.2,2,3,5,0,0,5,0,214,318,2,82.96
315,Nathan N'Goumou,us USA,FWMF,Union Berlin,23-197,2000,31,13,1320,14.7,5,2,7,0,0,1,0,0,0,0,0
316,Stanley N'Soki,us USA,DF,Union Berlin,23-197,2000,11,7,631,7.0,0,0,0,0,0,3,1,0,0,0,0
317,Luca Netz,us USA,DF,Union Berlin,23-197,2000,28,24,2114,23.5,0,4,4,0,0,2,0,215,263.1,0,80.31
318,Manuel Neuer,us USA,GK,Union Berlin,23-197,2000,21,21,1890,21.0,0,0,0,0,0,1,0,0,108.3,0,0
319,Florian Neuhaus,us USA,MF,Union Berlin,23-197,2000,24,15,1222,13.6,4,2,6,1,1,4,0,112,153.6,4,0
320,Jessic Ngankam,us USA,FWMF,Union Berlin,23-197,2000,7,2,184,2.0,0,0,0,0,0,0,1,44,64.3,0,0
321,Jessic Ngankam,us USA,FW,Union Berlin,23-197,2000,15,2,280,3.1,0,0,0,0,1,2,0,44,64.3,0,0
322,Moritz Nicolas,us USA,GK,Union Berlin,23-197,2000,27,27,2430,27.0,0,0,0,0,0,2,0,0,146.2,0,0
323,Justin Njinmah,us USA,FW,Union Berlin,23-197,2000,24,10,1016,11.3,6,2,8,0,0,1,0,86,127.9,6,0
324,Niels Nkounkou,us USA,DFMF,Union Berlin,23-197,2000,27,13,1293,14.4,3,2,5,0,0,5,1,200,162.3,3,0
325,Felix Nmecha,us USA,MF,Union Berlin,23-197,2000,18,9,944,10.5,1,2,3,0,0,3,0,125,124.2,1,0
326,Lukas Nmecha,us USA,FW,Union Berlin,23-197,2000,3,0,42,0.5,1,0,1,0,0,0,0,9,7.4,1,0
327,Alexander Nübel,us USA,GK,Union Berlin,23-197,2000,28,28,2520,28.0,0,0,0,0,0,1,0,0,149.7,0,0
328,Kasim Nuhu,us USA,DF,Union Berlin,23-197,2000,1,0,5,0.1,0,0,0,0,0,0,0,0,0,0,0
329,Fabian Nürnberger,us USA,DFMF,Union Berlin,23-197,2000,20,16,1458,16.2,1,1,2,0,0,2,0,140,177.4,1,0
330,Tim Oermann,us USA,DF,Union Berlin,23-197,2000,14,7,567,6.3,0,0,0,0,0,2,0,73,71,0,0
331,Masaya Okugawa,us USA,FWDF,Union Berlin,23-197,2000,2,0,32,0.4,0,0,0,0,0,0,0,2,5.1,0,0
332,Finn Ole Becker,us USA,MF,Union Berlin,23-197,2000,21,5,587,6.5,0,0,0,0,0,1,0,0,0,0,0
333,Mathias Olesen,us USA,MFFW,Union Berlin,23-197,2000,6,0,112,1.2,0,0,0,0,0,2,1,10,18.4,0,0
334,Dani Olmo,us USA,MF,Union Berlin,23-197,2000,21,17,1449,16.1,4,5,9,0,0,0,0,175,168.5,4,0
335,Jonas Omlin,us USA,GK,Union Berlin,23-197,2000,5,5,450,5.0,0,1,1,0,0,1,0,0,26.4,0,0
336,Karim Onisiwo,us USA,FWMF,Union Berlin,23-197,2000,24,17,1493,16.6,1,3,4,0,0,1,0,220,178.9,1,0
337,Loïs Openda,us USA,FW,Union Berlin,23-197,2000,32,31,2517,28.0,24,7,31,2,3,4,0,240,281.6,0,70.66
338,Leon Opitz,us USA,FWDF,Union Berlin,23-197,2000,3,0,18,0.2,0,0,0,0,0,0,0,4,3.8,0,0
339,Willi Orban,us USA,DF,Union Berlin,23-197,2000,17,16,1402,15.6,0,0,0,0,0,2,0,0,0,0,0
340,Ivan Ordets,us USA,DF,Union Berlin,23-197,2000,22,19,1700,18.9,1,0,1,0,0,3,0,243,200.2,1,0
341,Patrick Osterhage,us USA,MF,Union Berlin,23-197,2000,22,19,1726,19.2,2,1,3,0,0,5,0,209,232.7,2,0
342,Salih Özcan,us USA,MF,Union Berlin,23-197,2000,22,12,1139,12.7,0,0,0,0,0,3,0,114,143.8,0,0
343,Willian Pacho,us USA,DF,Union Berlin,23-197,2000,31,31,2790,31.0,0,3,3,0,0,7,0,303,310.6,0,87.35
344,Gonçalo Paciência,us USA,FW,Union Berlin,23-197,2000,18,6,636,7.1,3,1,4,0,0,3,0,118,81.8,3,0
345,Exequiel Palacios,us USA,MF,Union Berlin,23-197,2000,23,20,1762,19.6,4,4,8,2,2,6,0,201,226.4,4,0
346,Miloš Pantović,us USA,MF,Union Berlin,23-197,2000,1,0,15,0.2,1,0,1,0,0,0,0,3,2.7,1,0
347,Antonios Papadopoulos,us USA,DF,Union Berlin,23-197,2000,2,1,117,1.3,0,0,0,0,0,0,0,17,13.4,0,0
348,Matondo-Merveille Papela,us USA,MFDF,Union Berlin,23-197,2000,11,3,257,2.9,0,0,0,0,0,1,0,30,35.9,0,0
349,Leart Paqarada,us USA,DF,Union Berlin,23-197,2000,16,11,1046,11.6,0,0,0,0,0,0,0,92,125.8,0,0
350,Kevin Paredes,us USA,FWMF,Union Berlin,23-197,2000,26,13,1309,14.5,2,0,2,0,0,4,0,186,167.6,2,0
351,Felix Passlack,us USA,DF,Union Berlin,23-197,2000,14,12,946,10.5,2,2,4,0,0,2,0,78,114.4,2,0
352,Jiří Pavlenka,us USA,GK,Union Berlin,23-197,2000,7,7,630,7.0,0,0,0,0,0,0,0,0,33.1,0,0
353,Aleksandar Pavlovic,us USA,MF,Union Berlin,23-197,2000,17,12,1103,12.3,2,2,4,0,0,6,0,0,0,0,0
354,Mads Pedersen,us USA,DF,Union Berlin,23-197,2000,26,18,1696,18.8,1,1,2,0,0,5,1,197,214.4,1,0
355,Jordan Pefok,us USA,FW,Union Berlin,23-197,2000,24,17,1341,14.9,5,3,8,0,0,2,0,0,0,0,0
356,Jordan Pefok,us USA,FW,Union Berlin,23-197,2000,1,0,27,0.3,0,0,0,0,0,0,0,0,0,0,0
357,Dženan Pejčinović,us USA,FW,Union Berlin,23-197,2000,3,0,31,0.3,0,0,0,0,0,1,0,1,5,0,0
358,Pavao Pervan,us USA,GK,Union Berlin,23-197,2000,9,9,810,9.0,0,0,0,0,0,1,0,0,45.2,0,0
359,Jens Petter Hauge,us USA,MFFW,Union Berlin,23-197,2000,10,0,147,1.6,0,0,0,0,0,0,0,19,26.5,0,0
360,Luca Pfeiffer,us USA,FWMF,Union Berlin,23-197,2000,24,20,1619,18.0,1,4,5,0,0,3,0,156,188.2,1,0
361,Patric Pfeiffer,us USA,DF,Union Berlin,23-197,2000,11,4,511,5.7,0,1,1,0,0,0,0,62,55.3,0,0
362,Maximilian Philipp,us USA,FWMF,Union Berlin,23-197,2000,15,1,307,3.4,1,0,1,0,0,2,0,40,41.8,1,0
363,Florian Pick,us USA,MFFW,Union Berlin,23-197,2000,20,1,285,3.2,0,0,0,0,0,2,0,42,46.2,0,0
364,Amos Pieper,us USA,DF,Union Berlin,23-197,2000,7,7,590,6.6,0,0,0,0,0,0,0,82,73.9,0,0
365,Marvin Pieringer,us USA,MFFW,Union Berlin,23-197,2000,29,17,1436,16.0,3,3,6,0,0,5,0,189,193.1,3,0
366,Alassane Pléa,us USA,FWMF,Union Berlin,23-197,2000,25,22,1792,19.9,7,4,11,1,1,1,0,163,210.7,7,0
367,Ole Pohlmann,us USA,MF,Union Berlin,23-197,2000,1,0,32,0.4,0,0,0,0,0,0,0,4,4.6,0,0
368,Sebastian Polter,us USA,FW,Union Berlin,23-197,2000,9,4,446,5.0,0,1,1,0,0,0,0,68,54.3,0,0
369,Yussuf Poulsen,us USA,FW,Union Berlin,23-197,2000,27,11,1172,13.0,5,2,7,0,0,0,0,127,149.5,5,0
370,Grischa Prömel,us USA,MF,Union Berlin,23-197,2000,26,25,1989,22.1,4,5,9,0,0,9,1,159,284.7,4,84.17
371,Gustavo Puerta,us USA,DFMF,Union Berlin,23-197,2000,6,0,35,0.4,0,0,0,0,0,0,0,9,8,0,0
372,Luca Raimund,us USA,FWMF,Union Berlin,23-197,2000,3,0,30,0.3,0,0,0,0,0,1,0,6,5.1,0,0
373,Grant Ranos,us USA,MFFW,Union Berlin,23-197,2000,9,0,49,0.5,0,0,0,0,0,0,0,0,0,0,0
374,Nicolai Rapp,us USA,DF,Union Berlin,23-197,2000,2,1,76,0.8,0,0,0,0,0,1,0,10,9.6,0,0
375,David Raum,us USA,DF,Union Berlin,23-197,2000,31,31,2739,30.4,2,8,10,0,0,6,0,251,343.4,2,80.67
376,Rocco Reitz,us USA,MF,Union Berlin,23-197,2000,32,22,1958,21.8,6,3,9,0,0,2,0,264,261.5,6,0
377,Marco Reus,us USA,MFFW,Union Berlin,23-197,2000,24,16,1430,15.9,5,7,12,0,0,1,0,138,187,5,0
378,Elvis Rexhbeçaj,us USA,MF,Union Berlin,23-197,2000,25,24,1985,22.1,2,0,2,1,1,4,0,0,0,0,0
379,Gio Reyna,us USA,MFFW,Union Berlin,23-197,2000,11,1,280,3.1,0,0,0,0,0,1,0,0,0,0,0
380,Marco Richter,us USA,MFFW,Union Berlin,23-197,2000,18,7,712,7.9,1,0,1,0,0,3,0,82,96.3,1,0
381,Clemens Riedel,us USA,DF,Union Berlin,23-197,2000,14,9,755,8.4,0,0,0,0,0,2,0,75,93,0,0
382,Manuel Riemann,us USA,GK,Union Berlin,23-197,2000,31,31,2790,31.0,0,0,0,0,0,5,0,0,189.6,0,0
383,Sebastian Rode,us USA,MFFW,Union Berlin,23-197,2000,7,1,60,0.7,0,0,0,0,0,0,0,12,11,0,0
384,Rogério,us USA,DF,Union Berlin,23-197,2000,13,10,906,10.1,1,0,1,0,0,0,0,0,0,0,0
385,Merlin Röhl,us USA,MFFW,Union Berlin,23-197,2000,24,17,1477,16.4,2,4,6,0,0,3,1,171,195,2,0
386,Frank Ronstadt,us USA,DFMF,Union Berlin,23-197,2000,4,0,76,0.8,0,0,0,0,0,0,0,10,10.1,0,0
387,Anthony Rouault,us USA,DF,Union Berlin,23-197,2000,20,11,992,11.0,0,2,2,0,0,3,0,89,124.3,0,0
388,Jérôme Roussillon,us USA,DF,Union Berlin,23-197,2000,22,7,693,7.7,0,1,1,0,0,2,0,72,88,0,0
389,Fabian Rüdlin,us USA,MF,Union Berlin,23-197,2000,1,0,7,0.1,0,0,0,0,0,0,0,3,1.3,0,0
390,Julian Ryerson,us USA,DF,Union Berlin,23-197,2000,20,19,1695,18.8,4,1,5,0,0,3,0,191,217.5,4,0
391,Frederik Rønnow,us USA,GK,Union Berlin,23-197,2000,31,31,2790,31.0,0,0,0,0,0,2,0,0,183.1,0,0
392,Marcel Sabitzer,us USA,MF,Union Berlin,23-197,2000,24,22,1871,20.8,4,3,7,1,1,3,1,163,249.3,4,0
393,Roland Sallai,us USA,MFFW,Union Berlin,23-197,2000,25,20,1676,18.6,3,2,5,0,1,6,0,156,198.9,3,0
394,Diadie Samassékou,us USA,MF,Union Berlin,23-197,2000,1,0,1,0.0,0,0,0,0,0,0,0,0,0,0,0
395,Jadon Sancho,us USA,FWMF,Union Berlin,23-197,2000,12,10,830,9.2,2,1,3,0,0,1,0,72,104.1,2,0
396,Leroy Sané,us USA,FW,Union Berlin,23-197,2000,27,25,2137,23.7,8,11,19,0,0,4,0,241,237.9,8,84.15
397,Amin Sarr,us USA,FWMF,Union Berlin,23-197,2000,14,2,386,4.3,0,0,0,0,0,0,0,46,49.6,0,0
398,Bouna Sarr,us USA,DF,Union Berlin,23-197,2000,2,1,106,1.2,0,0,0,0,0,0,0,14,13.7,0,0
399,Joe Scally,us USA,DF,Union Berlin,23-197,2000,30,24,2146,23.8,1,3,4,0,0,4,0,208,271.8,1,83.45
400,András Schäfer,us USA,MFDF,Union Berlin,23-197,2000,18,12,1062,11.8,1,2,3,0,0,1,1,159,152,1,0
401,Patrik Schick,us USA,FW,Union Berlin,23-197,2000,18,11,967,10.7,6,0,6,1,1,1,0,95,118.4,6,0
402,Stefan Schimmer,us USA,MFFW,Union Berlin,23-197,2000,16,0,153,1.7,0,1,1,0,0,0,0,16,29.8,0,0
403,Xaver Schlager,us USA,MF,Union Berlin,23-197,2000,29,29,2477,27.5,0,5,5,0,0,7,0,282,306.3,0,89.94
404,Keven Schlotterbeck,us USA,DF,Union Berlin,23-197,2000,25,22,2005,22.3,5,1,6,0,0,8,0,252,227.1,5,84.52
405,Nico Schlotterbeck,us USA,DF,Union Berlin,23-197,2000,31,30,2679,29.8,2,1,3,0,0,3,0,306,299.2,2,89.38
406,Romano Schmid,us USA,MFFW,Union Berlin,23-197,2000,31,28,2422,26.9,3,5,8,0,0,5,0,280,294,3,80.97
407,Kenneth Schmidt,us USA,DF,Union Berlin,23-197,2000,5,0,68,0.8,0,0,0,0,0,0,0,9,10.3,0,0
408,Benno Schmitz,us USA,DF,Union Berlin,23-197,2000,21,12,1110,12.3,0,1,1,0,0,4,0,107,140.5,0,0
409,Fabian Schnellhardt,us USA,MF,Union Berlin,23-197,2000,9,2,229,2.5,0,0,0,0,0,1,0,20,31.3,0,0
410,Jan Schöppner,us USA,MF,Union Berlin,23-197,2000,24,21,1822,20.2,2,2,4,0,0,3,0,199,257.5,2,0
411,Marcel Schuhen,us USA,GK,Union Berlin,23-197,2000,30,30,2700,30.0,0,0,0,0,0,2,0,0,198.1,0,0
412,Marvin Schwäbe,us USA,GK,Union Berlin,23-197,2000,32,32,2880,32.0,0,0,0,0,0,0,0,0,171,0,0
413,Alexander Schwolow,us USA,GK,Union Berlin,23-197,2000,1,1,90,1.0,0,0,0,0,0,0,0,0,5.9,0,0
414,Nicolas Seiwald,us USA,MF,Union Berlin,23-197,2000,19,4,565,6.3,0,1,1,0,0,1,0,64,80.8,0,0
415,Davie Selke,us USA,FW,Union Berlin,23-197,2000,19,16,1265,14.1,6,0,6,0,0,3,0,126,148,6,0
416,Benjamin Šeško,us USA,FW,Union Berlin,23-197,2000,29,16,1392,15.5,12,2,14,0,0,0,0,167,192.5,0,0
417,Kevin Sessa,us USA,MFFW,Union Berlin,23-197,2000,28,5,873,9.7,1,0,1,0,0,0,0,89,119,1,0
418,Aaron Seydel,us USA,FW,Union Berlin,23-197,2000,15,5,574,6.4,1,0,1,0,0,1,0,103,73.6,1,0
419,Tim Siersleben,us USA,DF,Union Berlin,23-197,2000,14,10,910,10.1,0,0,0,0,0,1,0,70,113.9,0,0
420,Kiliann Sildillia,us USA,DF,Union Berlin,23-197,2000,27,20,1806,20.1,0,1,1,0,0,2,1,199,216.3,0,0
421,Mohamed Simakan,us USA,DF,Union Berlin,23-197,2000,31,22,2048,22.8,2,2,4,0,0,8,0,242,235,2,89.4
422,Xavi Simons,us USA,MF,Union Berlin,23-197,2000,31,31,2564,28.5,7,11,18,0,1,10,1,356,310.8,7,82.23
423,Tim Skarke,us USA,FWDF,Union Berlin,23-197,2000,28,27,2255,25.1,8,0,8,0,0,6,0,174,278,8,80.43
424,Ellyes Skhiri,us USA,MF,Union Berlin,23-197,2000,25,22,2016,22.4,2,2,4,0,0,1,0,213,286.4,2,87.9
425,Robert Skov,us USA,DFFW,Union Berlin,23-197,2000,25,14,1260,14.0,3,4,7,0,0,2,0,126,154.8,3,0
426,Hrvoje Smolčić,us USA,DF,Union Berlin,23-197,2000,11,3,347,3.9,1,0,1,0,0,0,0,38,43.9,1,0
427,Danilo Soares,us USA,DF,Union Berlin,23-197,2000,5,3,351,3.9,0,0,0,0,0,0,0,42,40.4,0,0
428,Borna Sosa,us USA,FWDF,Union Berlin,23-197,2000,2,0,46,0.5,0,0,0,0,0,0,0,2,5.2,0,0
429,Anton Stach,us USA,MF,Union Berlin,23-197,2000,29,24,2196,24.4,2,3,5,0,0,4,0,0,320.1,2,84.58
430,Anton Stach,us USA,MF,Union Berlin,23-197,2000,2,2,170,1.9,0,0,0,0,0,0,0,0,320.1,2,84.58
431,Jens Stage,us USA,MF,Union Berlin,23-197,2000,28,26,2259,25.1,2,1,3,0,0,5,1,245,290.5,2,80.86
432,Josip Stanišić,us USA,DF,Union Berlin,23-197,2000,18,12,1162,12.9,2,0,2,0,0,3,0,109,146.9,2,0
433,Niklas Stark,us USA,DF,Union Berlin,23-197,2000,16,12,1075,11.9,2,0,2,0,0,4,0,121,126.2,2,0
434,Pascal Stenzel,us USA,DF,Union Berlin,23-197,2000,22,14,1030,11.4,0,5,5,0,0,3,1,97,132.1,0,0
435,Leonidas Stergiou,us USA,DF,Union Berlin,23-197,2000,14,5,504,5.6,1,0,1,0,0,0,0,38,64.5,1,0
436,Angelo Stiller,us USA,MF,Union Berlin,23-197,2000,1,1,84,0.9,0,0,0,0,0,0,0,280,334.1,1,0
437,Angelo Stiller,us USA,MF,Union Berlin,23-197,2000,29,28,2514,27.9,1,5,6,0,0,5,0,280,334.1,1,0
438,Kevin Stöger,us USA,MF,Union Berlin,23-197,2000,30,30,2488,27.6,7,9,16,4,4,8,0,306,305.3,7,70.99
439,Filip Stojilković,us USA,FWMF,Union Berlin,23-197,2000,6,0,154,1.7,0,0,0,0,0,1,0,0,0,0,0
440,Niklas Süle,us USA,DF,Union Berlin,23-197,2000,22,13,1424,15.8,1,0,1,0,0,0,0,91,161.7,1,0
441,Mattias Svanberg,us USA,MF,Union Berlin,23-197,2000,25,20,1715,19.1,1,3,4,0,0,8,0,197,215.3,1,0
442,Attila Szalai,us USA,DF,Union Berlin,23-197,2000,4,4,288,3.2,0,0,0,0,0,1,0,31,50.1,0,0
443,Attila Szalai,us USA,DF,Union Berlin,23-197,2000,3,0,103,1.1,0,0,0,0,0,0,0,31,50.1,0,0
444,Jonathan Tah,us USA,DF,Union Berlin,23-197,2000,29,28,2451,27.2,4,1,5,0,0,6,0,191,285.4,4,0
445,Edmond Tapsoba,us USA,DF,Union Berlin,23-197,2000,26,21,1907,21.2,0,1,1,0,0,4,0,166,220.6,0,0
446,Mathys Tel,us USA,FWMF,Union Berlin,23-197,2000,28,4,880,9.8,6,4,10,0,0,2,0,127,101.5,6,0
447,Nathan Tella,us USA,DFMF,Union Berlin,23-197,2000,23,7,740,8.2,5,2,7,0,0,1,0,70,96.4,5,0
448,Norman Theuerkauf,us USA,MFDF,Union Berlin,23-197,2000,23,13,1158,12.9,0,1,1,0,0,3,0,89,151.9,0,0
449,Jan Thielmann,us USA,FWDF,Union Berlin,23-197,2000,21,19,1525,16.9,1,0,1,0,0,4,1,188,186.4,1,0
450,Denis Thomalla,us USA,MFFW,Union Berlin,23-197,2000,19,3,425,4.7,0,0,0,0,0,0,0,49,67.1,0,0
451,Phillip Tietz,us USA,FW,Union Berlin,23-197,2000,32,29,2225,24.7,8,4,12,0,0,1,0,258,263.6,8,66.67
452,Steffen Tigges,us USA,FW,Union Berlin,23-197,2000,23,5,592,6.6,1,0,1,0,0,0,0,82,89,1,0
453,Umut Tohumcu,us USA,MF,Union Berlin,23-197,2000,18,12,936,10.4,0,2,2,0,0,5,0,84,120.6,0,0
454,Tiago Tomás,us USA,FWMF,Union Berlin,23-197,2000,25,11,1020,11.3,1,1,2,0,0,3,0,114,133.8,1,0
455,Fabio Torsiello,us USA,FWDF,Union Berlin,23-197,2000,9,1,143,1.6,0,0,0,0,0,0,0,6,22.1,0,0
456,Lucas Tousart,us USA,MF,Union Berlin,23-197,2000,21,17,1451,16.1,0,0,0,0,0,5,0,183,202.5,0,0
457,Omar Traoré,us USA,DF,Union Berlin,23-197,2000,29,27,2292,25.5,0,2,2,0,0,5,0,207,260.4,0,76.45
458,Kevin Trapp,us USA,GK,Union Berlin,23-197,2000,30,30,2700,30.0,0,0,0,0,0,2,0,0,141.6,0,0
459,Christopher Trimmel,us USA,DF,Union Berlin,23-197,2000,24,17,1485,16.5,0,1,1,0,0,1,1,112,186.5,0,0
460,Tuta,us USA,DF,Union Berlin,23-197,2000,28,28,2420,26.9,1,2,3,0,0,3,2,0,0,0,0
461,Lukas Ullrich,us USA,DF,Union Berlin,23-197,2000,3,0,22,0.2,0,0,0,0,0,0,0,5,4.2,0,0
462,Sven Ulreich,us USA,GK,Union Berlin,23-197,2000,11,11,990,11.0,0,0,0,0,0,1,0,0,55.7,0,0
463,Deniz Undav,us USA,FWMF,Union Berlin,23-197,2000,28,21,1916,21.3,18,10,28,0,1,4,0,212,236.3,0,0
464,Dayot Upamecano,us USA,DF,Union Berlin,23-197,2000,23,17,1582,17.6,1,0,1,0,0,3,1,169,189.3,1,0
465,Mark Uth,us USA,MFFW,Union Berlin,23-197,2000,9,3,298,3.3,0,0,0,0,0,2,0,32,40.3,0,0
466,Josha Vagnoman,us USA,DF,Union Berlin,23-197,2000,18,12,1183,13.1,2,2,4,0,0,2,0,114,157.3,2,0
467,Ruben Vargas,us USA,MFFW,Union Berlin,23-197,2000,30,24,1931,21.5,4,5,9,0,0,3,0,0,0,0,0
468,Miloš Veljković,us USA,DF,Union Berlin,23-197,2000,21,19,1753,19.5,2,1,3,0,0,2,0,119,215.1,2,0
469,Yorbe Vertessen,us USA,FWMF,Union Berlin,23-197,2000,12,6,531,5.9,3,2,5,0,0,1,0,52,66.8,3,0
470,Oscar Vilhelmsson,us USA,FWMF,Union Berlin,23-197,2000,24,14,1264,14.0,4,1,5,0,0,1,0,129,153.5,4,0
471,Kevin Vogt,us USA,DF,Union Berlin,23-197,2000,16,14,1319,14.7,0,0,0,0,0,2,0,160,313.2,0,89.34
472,Kevin Vogt,us USA,DF,Union Berlin,23-197,2000,16,16,1323,14.7,0,0,0,0,0,5,0,160,313.2,0,89.34
473,Kevin Volland,us USA,FWMF,Union Berlin,23-197,2000,24,16,1263,14.0,2,4,6,1,1,2,2,123,162.1,2,0
474,Aster Vranckx,us USA,MF,Union Berlin,23-197,2000,24,12,1153,12.8,0,0,0,0,0,6,0,153,158.8,0,0
475,Luca Waldschmidt,us USA,MFFW,Union Berlin,23-197,2000,21,13,1127,12.5,3,0,3,0,1,0,0,106,156.9,3,0
476,Kjell-Arik Wätjen,us USA,MF,Union Berlin,23-197,2000,1,1,90,1.0,0,1,1,0,0,0,0,0,0,0,0
477,Wout Weghorst,us USA,FW,Union Berlin,23-197,2000,26,24,1970,21.9,7,3,10,1,1,4,0,204,250,7,76.91
478,Julian Weigl,us USA,MF,Union Berlin,23-197,2000,29,29,2584,28.7,2,3,5,2,2,10,0,254,0,2,0
479,Nelson Weiper,us USA,FWMF,Union Berlin,23-197,2000,4,1,120,1.3,0,0,0,0,0,0,0,8,17,0,0
480,Mitchell Weiser,us USA,DFMF,Union Berlin,23-197,2000,28,28,2456,27.3,3,7,10,0,0,5,0,255,306.9,3,77.46
481,Noah Weißhaupt,us USA,DFFW,Union Berlin,23-197,2000,22,6,714,7.9,1,2,3,0,0,1,0,71,98.4,1,0
482,Timo Werner,us USA,FWMF,Union Berlin,23-197,2000,8,2,207,2.3,2,0,2,1,1,0,0,13,29.7,2,0
483,Silvan Widmer,us USA,DF,Union Berlin,23-197,2000,18,11,1094,12.2,1,2,3,0,0,4,0,84,138.6,1,0
484,Patrick Wimmer,us USA,FWMF,Union Berlin,23-197,2000,12,7,510,5.7,2,0,2,0,0,2,1,82,62.6,2,0
485,Jonas Wind,us USA,FW,Union Berlin,23-197,2000,32,29,2492,27.7,11,7,18,0,1,3,0,281,288.7,0,71.91
486,Florian Wirtz,us USA,MF,Union Berlin,23-197,2000,31,26,2344,26.0,11,11,22,1,1,3,0,325,321.9,0,84.61
487,Maximilian Wittek,us USA,DFFW,Union Berlin,23-197,2000,19,11,904,10.0,3,1,4,0,0,3,0,114,110.9,3,0
488,Maximilian Wöber,us USA,DF,Union Berlin,23-197,2000,25,24,2066,23.0,2,3,5,0,0,4,1,233,246.8,2,86.31
489,Marius Wolf,us USA,DF,Union Berlin,23-197,2000,20,11,1058,11.8,0,1,1,0,0,2,0,85,137.6,0,0
490,Nick Woltemade,us USA,FWMF,Union Berlin,23-197,2000,28,10,1050,11.7,2,0,2,0,0,1,0,193,140.1,2,0
491,Jeong Woo-yeong,us USA,MFFW,Union Berlin,23-197,2000,24,5,579,6.4,1,2,3,0,0,0,0,0,0,0,0
492,Granit Xhaka,us USA,MF,Union Berlin,23-197,2000,31,31,2721,30.2,3,0,3,0,0,5,0,237,0,3,0
493,Dan-Axel Zagadou,us USA,DF,Union Berlin,23-197,2000,19,16,1453,16.1,1,0,1,0,0,1,0,167,181.1,1,0
494,Bryan Zaragoza,us USA,FWMF,Union Berlin,23-197,2000,5,0,99,1.1,0,0,0,0,0,0,0,15,12.4,0,0
495,Robin Zentner,us USA,GK,Union Berlin,23-197,2000,28,28,2520,28.0,0,0,0,0,0,3,0,0,159.5,0,0
496,Cedric Zesiger,us USA,DF,Union Berlin,23-197,2000,21,17,1499,16.7,0,0,0,0,0,5,0,0,0,0,0
497,Michael Zetterer,us USA,GK,Union Berlin,23-197,2000,25,25,2250,25.0,0,0,0,0,0,2,0,0,141.8,0,0
498,Christoph Zimmermann,us USA,DF,Union Berlin,23-197,2000,18,11,1154,12.8,0,0,0,0,0,5,0,124,131.1,0,0
499,Simon Zoller,us USA,FWMF,Union Berlin,23-197,2000,1,0,45,0.5,0,0,0,0,0,0,0,1,4.8,0,0
500,Lovro Zvonarek,us USA,MF,Union Berlin,23-197,2000,3,0,18,0.2,0,0,0,0,0,0,0,2,3.8,0,0
